ensembl_gene_id,SRR28352555,SRR28352556,SRR28352557,SRR28352561,SRR8327813,SRR8327814,SRR8327817,SRR8327818
ENSMUSG00000084079,9.406338651570864e-17,9.406338651570864e-17,9.406338651570864e-17,9.406338651570864e-17,1.343646468218395,1.3019404808933934,-1.3227934745558947,-1.3227934745558947
ENSMUSG00000084277,-1.8828240543377172e-16,-1.8828240543377172e-16,-1.8828240543377172e-16,-1.8828240543377172e-16,-1.2776592832022224,-1.2776592832022224,1.7626061999821578,0.7927123664222882
ENSMUSG00000118164,0.10151106110281098,0.28692676374675,0.16497854289921232,-0.5534163677487733,-1.270283806792818,1.5146167167844835,-1.270283806792818,1.0259508968011528
ENSMUSG00000113234,-0.11604650344250458,0.027603732646781634,0.1531475382244977,-0.06470476742877436,-0.7614750142317267,-0.7614750142317267,2.28442504269518,-0.7614750142317267
ENSMUSG00000080904,1.9855767459687794e-16,1.9855767459687794e-16,1.9855767459687794e-16,1.9855767459687794e-16,-1.3164673030987442,-1.3164673030987442,1.5003903297806673,1.1325442764168203
ENSMUSG00000067736,0.28649706101745015,-0.3005412072680948,-0.3005412072680948,0.31458535351874106,-2.225357747123776,0.8950205333446147,0.657167173505819,0.6731700402733418
ENSMUSG00000121581,0,0,0,0,-0.7637626158259734,2.29128784747792,-0.7637626158259734,-0.7637626158259734
ENSMUSG00000100405,4.1034197781590533e-16,4.1034197781590533e-16,4.1034197781590533e-16,4.1034197781590533e-16,-2.289986911093115,0.6930438058651948,0.7820918470823028,0.8148512581456158
ENSMUSG00000103034,0.007125778925689212,0.014886079888327144,-0.009963282273698174,-0.01204857654031777,-1.3225380175264296,-1.3225380175264296,1.3616274118616565,1.2834486231912032
ENSMUSG00000102070,-0.033216096720971575,-0.017808172240653983,0.021215142870572804,0.02980912609105443,1.181160275851375,-1.3190177705354826,-1.3190177705354826,1.4568752652195907
ENSMUSG00000084093,-0.06137705729291197,-0.06137705729291197,0.1841311718787354,-0.06137705729291197,-1.3004585345699087,-1.3004585345699087,1.608699253419556,0.9922178157202611
ENSMUSG00000114129,0.1417647269991542,0.08002745471314134,0.06219810691908066,-0.283990288631376,-0.7576817317828629,2.273045195348589,-0.7576817317828629,-0.7576817317828629
ENSMUSG00000121602,-1.065294404638209e-16,-1.065294404638209e-16,-1.065294404638209e-16,-1.065294404638209e-16,-0.7637626158259732,-0.7637626158259732,2.2912878474779204,-0.7637626158259732
ENSMUSG00000064288,0.058756790558600114,-0.1033136970222165,0.11010719804958478,-0.06555029158596862,-1.3169437486626236,1.1902746221651523,1.443612875160095,-1.3169437486626236
ENSMUSG00000074846,0.044767345024810785,-0.023026605109508064,-0.03583462783642379,0.014093887921122362,-1.3223034245926182,-1.3223034245926182,1.35422140769139,1.2903854414938478
ENSMUSG00000065947,-0.04036974897334764,-0.014548399670919636,0.06768872162016899,-0.012770572975899957,0.8435204757810809,-2.2884111110221323,0.7470125402047252,0.6978780950363255
ENSMUSG00000118272,-5.542156584792252e-17,-5.542156584792252e-17,-5.542156584792252e-17,-5.542156584792252e-17,-0.7637626158259733,2.2912878474779204,-0.7637626158259733,-0.7637626158259733
ENSMUSG00000111228,0.02492795672645665,-0.04492886683031603,0.0571502796105355,-0.03714936950667657,-0.7633650155607343,-0.7633650155607343,-0.7633650155607343,2.290095046682203
ENSMUSG00000100862,-0.050827077548199553,-0.008698283444600146,0.014643478095736384,0.044881882897062415,-1.316229781189267,-1.316229781189267,1.1355798633485454,1.496879699029988
ENSMUSG00000064358,-0.06886465476414773,-0.019272055685006895,0.06127087027801223,0.02686584017114104,-0.7632392784639014,-0.7632392784639014,-0.7632392784639014,2.2897178353917043
ENSMUSG00000081485,0.03578436934841966,0.037766562847879805,-0.052983770804717514,-0.02056716139158149,-0.7634386505336999,-0.7634386505336999,-0.7634386505336999,2.290315951601099
ENSMUSG00000059064,-0.07491153585402947,-0.07491153585402947,0.2247346075620884,-0.07491153585402947,0.9337344631107056,-2.2705028473105804,0.7462977910657873,0.5904705931340875
ENSMUSG00000057322,0.007202021846312556,0.0011282497504903444,0.004436761796128846,-0.012767033392931747,-1.2876494936085732,0.8589308782119008,-1.2876494936085732,1.7163681090052443
ENSMUSG00000091955,0.04824889164378103,-0.015411855708869897,-0.05329682925389582,0.02045979331898504,-1.312381760612411,-1.312381760612411,1.0834802297579254,1.5412832914668964
ENSMUSG00000068243,-0.25818518360838477,-0.25818518360838477,0.2517872403647884,0.2645831268519813,-0.7490705227427367,-0.7490705227427367,-0.7490705227427367,2.2472115682282103
ENSMUSG00000116563,1.1824029733206687e-16,1.1824029733206687e-16,1.1824029733206687e-16,1.1824029733206687e-16,-0.7637626158259735,-0.7637626158259735,2.29128784747792,-0.7637626158259735
ENSMUSG00000082662,0,0,0,0,-1.216532018070891,1.951446773683221,-1.216532018070891,0.48161726245856096
ENSMUSG00000064354,0.032166318869434184,0.0334338175552357,0.0026303880993427966,-0.06823052452401078,-2.2698276263071406,0.6212030209469136,0.6050031678094514,1.0436214375507753
ENSMUSG00000084300,-0.0380420245922475,-0.0380420245922475,-0.0380420245922475,0.11412607377674328,2.288443846653071,-0.7628146155510236,-0.7628146155510236,-0.7628146155510236
ENSMUSG00000064360,-0.02889776857176478,-0.06059581295586723,0.020937677465674757,0.06855590406195677,0.5426720294378797,0.5926222981547384,-2.2558731621697445,1.1205788345771253
ENSMUSG00000080921,-0.1172128175948069,0.351638452784421,-0.1172128175948069,-0.1172128175948069,-1.9520092712859267,1.3816837127574555,0.975491746517165,-0.4051661879886929
ENSMUSG00000044285,0.009972920752075658,0.0316794833504266,-0.006007067538337385,-0.035645336564165846,-2.2180704778955067,0.8886719321223003,1.11434668014122,0.21505186563198622
ENSMUSG00000113240,-0.053476455028214756,0.04377394251354202,-0.06709412979590228,0.07679664231057477,-1.2570087404793253,1.8334377775799522,-1.2570087404793253,0.6805797033786982
ENSMUSG00000101567,0.11083342611304693,-0.08706725318299761,-0.07080183670801925,0.04703566377796944,1.4165239423108862,-1.318492477721416,-1.318492477721416,1.220461013131946
ENSMUSG00000090467,-0.4131241882438344,0.27012723505717,-0.059520992559374104,0.2025179457460374,1.5164208811410844,-1.284977781770065,-1.284977781770065,1.053534682399045
ENSMUSG00000117209,0.06635784623705686,-0.13353440641556993,-0.13353440641556993,0.200710966594083,-0.7593664502255664,-0.7593664502255664,2.278099350676699,-0.7593664502255664
ENSMUSG00000082423,-0.1975350581916772,-0.1975350581916772,0.2561527224300328,0.13891739395332198,-0.7548204831845408,-0.7548204831845408,-0.7548204831845408,2.264461449553622
ENSMUSG00000090733,-0.3894364284418007,0.08245361007663668,0.27998840238849126,0.026994415976672254,-1.2911790546539745,-1.2911790546539745,1.0745629637081269,1.5077951455998215
ENSMUSG00000054312,-0.010229436915521299,0.01627835535939167,-0.017035089496077148,0.010986171052207032,1.4797079342508985,-1.317840804917396,-1.317840804917396,1.155973675583893
ENSMUSG00000112351,0,0,0,0,-0.7637626158259733,-0.7637626158259733,-0.7637626158259733,2.29128784747792
ENSMUSG00000095288,-0.04864076719915298,0.14630645644341445,-0.036741020874866706,-0.06092466836939489,-0.762188011513476,-0.762188011513476,-0.762188011513476,2.286564034540428
ENSMUSG00000069309,0,0,0,0,-1.322869485342071,1.3285834595814905,1.3171555111026512,-1.322869485342071
ENSMUSG00000094344,0.0485257501775004,-0.1637395223796773,-0.1637395223796773,0.27895329458185364,1.465012550429106,-1.3052959699298712,-1.3052959699298712,1.1455793894306368
ENSMUSG00000101939,0.2977590097215879,0.28790177144519036,-0.20108805631928603,-0.38457272484749067,-1.2762197813751135,-1.2762197813751135,1.5263915559070105,1.0260480068432172
ENSMUSG00000059775,0.0157130718152785,-0.015553179117054429,0.008262644143946176,-0.008422536842170765,-1.3088309764828119,1.5801406589257452,-1.3088309764828119,1.0375212940398781
ENSMUSG00000094189,-1.2998285263917668e-16,-1.2998285263917668e-16,-1.2998285263917668e-16,-1.2998285263917668e-16,-0.7637626158259733,-0.7637626158259733,-0.7637626158259733,2.2912878474779204
ENSMUSG00000080941,-6.512766304895636e-17,-6.512766304895636e-17,-6.512766304895636e-17,-6.512766304895636e-17,-0.7637626158259733,-0.7637626158259733,-0.7637626158259733,2.2912878474779204
ENSMUSG00000083740,-1.3133188833456108e-16,-1.3133188833456108e-16,-1.3133188833456108e-16,-1.3133188833456108e-16,1.8887256125983842,-1.2410789173370673,-1.2410789173370673,0.5934322220757501
ENSMUSG00000083686,2.63239486987968e-16,2.63239486987968e-16,2.63239486987968e-16,2.63239486987968e-16,1.342863494943463,1.3027356580563594,-1.3227995764999116,-1.3227995764999116
ENSMUSG00000091478,0.21488723704732413,-0.07162907901577466,-0.07162907901577466,-0.07162907901577466,-1.3143113728972926,1.4342566953645752,1.1943660504300093,-1.3143113728972926
ENSMUSG00000082099,0.33499109817865275,-0.7106198537017945,0.40805011968495797,-0.03242136416181549,-0.7196784202357839,-0.7196784202357839,-0.7196784202357839,2.1590352607073506
ENSMUSG00000117910,0.06841410248612667,-0.10307767778853826,-0.1355429097454054,0.17020648504781738,-0.7603372264434246,-0.7603372264434246,-0.7603372264434246,2.281011679330274
ENSMUSG00000062933,-0.006289424322757967,0.02339528987672979,0.054781196815652564,-0.07188706236962333,-2.2586732608104296,1.0515817423021796,0.7697991012085031,0.43729241729974633
ENSMUSG00000036305,-0.04918472411706021,-0.6796629311998122,0.34627464441243294,0.38257301090444007,-0.7228053521310194,-0.7228053521310194,-0.7228053521310194,2.168416056393058
ENSMUSG00000024608,0.021101307243527958,-0.02064384079145427,-0.015108362635299976,0.014650896183225227,-1.3058577894989905,-1.3058577894989905,1.0078415234087468,1.6038740555892341
ENSMUSG00000101219,-0.04587212808492264,-0.04587212808492264,0.13761638425476766,-0.04587212808492264,-1.2913073239718444,1.6817241234350726,-1.2913073239718444,0.9008905245086162
ENSMUSG00000078193,-0.004856373021462466,-0.008577214009320416,0.010081375229237546,0.0033522118015453365,-1.3188256356244685,1.1729048576843313,-1.3188256356244685,1.464746413564604
ENSMUSG00000057580,0.4532564046295563,-0.5088079475266903,-0.5088079475266903,0.5643594904238248,-0.7046444695907648,-0.7046444695907648,-0.7046444695907648,2.113933408772294
ENSMUSG00000069913,-0.03227284848380394,-0.03227284848380394,-0.03227284848380394,0.09681854545141222,-1.321686919751745,1.3278636356054823,1.3155102038980075,-1.321686919751745
ENSMUSG00000060019,0.13083645211486516,-0.0795898769066923,0.14099334099978408,-0.19223991620795716,-1.3133372344001242,1.21260689722462,-1.3133372344001242,1.4140675715756281
ENSMUSG00000095905,-0.03372671336557099,0.10118014009671322,-0.03372671336557099,-0.03372671336557099,1.0459379922568017,0.7038771897861347,0.5154150582339647,-2.2652302402769
ENSMUSG00000062478,-0.05383808340864896,0.05907807263542,0.04859809418187819,-0.05383808340864896,1.4509287363100303,-1.3184508072696217,-1.3184508072696217,1.1859728782292127
ENSMUSG00000096887,-0.09575057508460473,-0.07334936763424266,0.16340577934662445,0.00569416337222401,0.5217865461183491,-2.21170175541056,0.4166322239345481,1.2732829853576622
ENSMUSG00000102627,0.011045954240316373,0.0289903439426547,-0.030044526580384198,-0.009991771602587417,-0.7636554108243574,-0.7636554108243574,-0.7636554108243574,2.2909662324730706
ENSMUSG00000108294,1.3533255723392144e-16,1.3533255723392144e-16,1.3533255723392144e-16,1.3533255723392144e-16,-0.7637626158259734,-0.7637626158259734,-0.7637626158259734,2.29128784747792
ENSMUSG00000116234,-0.16476032188105838,0.11395300755420197,0.21556763620791486,-0.16476032188105838,-0.7575318133559575,-0.7575318133559575,2.2725954400678727,-0.7575318133559575
ENSMUSG00000016833,-0.011955312720234288,9.290093723677072e-4,-0.01157434823034441,0.022600651578211263,1.0210139359225001,0.9794394828539804,-2.22426375012315,0.22381033134666903
ENSMUSG00000067719,-0.040578477724199896,0.10243516504768575,0.009377421846966431,-0.07123410917045174,1.4914097062009988,-1.3153623906689513,-1.3153623906689513,1.1393150751369034
ENSMUSG00000112908,-0.02382871660407864,-0.02382871660407864,-0.02382871660407864,0.0714861498122362,-1.2784313891703154,-1.2784313891703154,1.7557358202812483,0.8011269580593816
ENSMUSG00000062456,0.44526761630771927,-0.47326558843500866,0.04337026775837205,-0.015372295631082174,1.4527152267960972,-1.2760503715481775,-1.2760503715481775,1.0993855163002577
ENSMUSG00000074403,0.10926128075841167,-0.07760107531296173,0.04594086986751165,-0.07760107531296173,-1.3190980990262773,1.2359465031172439,1.4022496949353105,-1.3190980990262773
ENSMUSG00000069265,-0.032301464653896564,0.022355954617746292,0.04224697469004725,-0.032301464653896564,-1.3218015822624756,1.380924097849846,1.262679066675105,-1.3218015822624756
ENSMUSG00000028062,-0.0036889092044468876,-0.009140633628369118,4.4788135207909875e-4,0.012381661480737738,-1.3223749474062774,-1.3223749474062774,1.3726110326239855,1.2721388621885705
ENSMUSG00000063954,0.06651346216516912,0.013892860112638237,-0.09388670903024636,0.013480386752439281,-1.2643303179213556,-1.2643303179213556,1.8085094711276786,0.720151164715033
ENSMUSG00000069188,-0.18227639474129917,-0.18227639474129917,0.5468291842238973,-0.18227639474129917,-0.7416930964040636,-0.7416930964040636,-0.7416930964040636,2.2250792892121902
ENSMUSG00000009293,0.002055709078082526,0.005800520287835666,-0.013525059855121637,0.005668830489202331,-2.0726122389280746,0.9190554463551219,1.3494413311637479,-0.19588453859079621
ENSMUSG00000100131,-0.1646552719033685,-0.10440800722556651,0.16545098851455708,0.10361229061437793,-1.3148393831954641,1.3806712094176514,-1.3148393831954641,1.249007556973277
ENSMUSG00000017778,-0.00457453803064682,0.011032833759697642,-0.0019169565064110774,-0.004541339222637503,0.17979388918670056,-2.1967049528657006,0.7760448610777072,1.240866202601294
ENSMUSG00000043801,0.03659797300638054,0.005819090477465844,-0.10318309143905317,0.06076602795520736,1.5615469027568132,-1.3092962501433374,-1.3092962501433374,1.0570455975298612
ENSMUSG00000074800,-0.0016777260222669225,-0.10890404033938349,-0.1245721152867376,0.23515388164838844,-0.7592387379952718,-0.7592387379952718,-0.7592387379952718,2.277716213985815
ENSMUSG00000070834,-0.057928955816590105,-0.057928955816590105,-0.057928955816590105,0.17378686744977004,-0.7615625840410838,-0.7615625840410838,-0.7615625840410838,2.2846877521232516
ENSMUSG00000082402,-0.02292008607820605,0.06876025823461786,-0.02292008607820605,-0.02292008607820605,-1.3097542281485464,1.566533786562016,1.0529746697350768,-1.3097542281485464
ENSMUSG00000082967,-0.0403926557538348,0.04650837560597687,-0.0403926557538348,0.034276935901693006,1.626268523265721,-1.816364611092972,0.8131709295977478,-0.6230748417704978
ENSMUSG00000118052,-0.04063815069177219,-0.04063815069177219,0.12191445207531665,-0.04063815069177219,-0.7626807156613349,-0.7626807156613349,-0.7626807156613349,2.288042146984005
ENSMUSG00000083166,-0.028787785862993843,0.15622386022957022,-0.2296494748855084,0.10221340051893214,-0.7589235198797069,-0.7589235198797069,-0.7589235198797069,2.2767705596391203
ENSMUSG00000105156,-0.14583509254896967,0.15616050917090848,-0.039901900548521836,0.029576483926584733,0.7373111157339559,1.023430269829056,0.49998012840191153,-2.2607215139649233
ENSMUSG00000081344,-0.12693707444781327,0.08325119078696472,-0.00705771190636989,0.05074359556721843,-0.7623609979626199,-0.7623609979626199,-0.7623609979626199,2.2870829938878594
ENSMUSG00000061669,0.1531235438798644,-0.48432437736802947,0.04051238528339223,0.29068844820477324,2.2342518966953504,-0.7447506322317835,-0.7447506322317835,-0.7447506322317835
ENSMUSG00000026969,0.07440303253622421,0.09077820002213466,-0.09860778901893184,-0.06657344353942696,-0.7622372764713894,-0.7622372764713894,-0.7622372764713894,2.286711829414168
ENSMUSG00000018509,-0.007588717207313155,-0.005392126808991355,0.01113133297373505,0.001849511042570028,-1.1741994414015724,2.0358283337687264,-1.1741994414015724,0.31257054903441894
ENSMUSG00000083863,0.009286707287031454,0.013189816474624578,0.015290683707742147,-0.03776720746939804,-0.7636578432583996,-0.7636578432583996,-0.7636578432583996,2.2909735297751985
ENSMUSG00000094955,0,0,0,0,-0.7637626158259733,-0.7637626158259733,-0.7637626158259733,2.29128784747792
ENSMUSG00000109171,0.03326864935197739,0.05249945306137081,-0.02348894898436191,-0.06227915342898586,-0.7633100386213942,-0.7633100386213942,-0.7633100386213942,2.2899301158641823
ENSMUSG00000028124,0.03902636520133931,-0.03081875814732302,0.01650786372482896,-0.02471547077884525,-2.1734921112511216,1.1920639866953957,0.9208063169299237,0.06062180762580259
ENSMUSG00000096842,0.4517798307102247,-0.4514523674411035,0.45112490417198253,-0.4514523674411035,-0.7179114862608358,-0.7179114862608358,-0.7179114862608358,2.1537344587825067
ENSMUSG00000086691,0.1562923228869651,-0.15195175238164318,-0.15195175238164318,0.14761118187632125,-0.758705310528401,-0.758705310528401,-0.758705310528401,2.2761159315852026
ENSMUSG00000021290,0.006268486398338051,0.010422080803221288,-0.034039724223896034,0.01734915702233784,-2.1973191397316154,0.7286659138606825,0.20481937717210097,1.263833848698833
ENSMUSG00000099471,0.14834034669293322,-0.2002844379391472,-0.06283894194980162,0.11478303319601504,-1.3087373994873963,-1.3087373994873963,1.4952623105036507,1.1222124884711417
ENSMUSG00000058603,0.01516274240497643,-0.0025482661561230116,-0.00530169056683432,-0.007312785682016798,1.6789277351185254,-1.2946351210211136,-1.2946351210211136,0.9103425069237031
ENSMUSG00000061787,0.003929338897455779,-0.005766491371933279,0.0017919553250942226,4.5197149383853426e-5,0.6295373980195366,-2.286324008625412,0.8724520743664745,0.7843345362393989
ENSMUSG00000103933,-0.1392248909485342,0.18229749372735643,-0.1392248909485342,0.09615228816971194,-0.7593174139065728,-0.7593174139065728,-0.7593174139065728,2.277952241719719
ENSMUSG00000105143,0,0,0,0,-0.7637626158259734,-0.7637626158259734,-0.7637626158259734,2.2912878474779204
ENSMUSG00000053038,0.06486805797301698,-0.009822133096953116,-0.05459773231773998,-4.481925583230077e-4,0.9335121569785784,-2.190324463065138,1.1451071112443152,0.11170519484224468
ENSMUSG00000073640,-0.011085586057811821,-0.002032720052515385,-0.0055867848772770635,0.01870509098760369,1.3720909070661664,-1.3223601619083318,-1.3223601619083318,1.2726294167504966
ENSMUSG00000085791,7.261160436667826e-17,7.261160436667826e-17,7.261160436667826e-17,7.261160436667826e-17,1.841618959763704,-1.2565133053837012,-1.2565133053837012,0.671407651003698
ENSMUSG00000018585,0.01316661896310004,-0.007593642865352285,-0.0018013976598891751,-0.0037715784378585795,-2.2629983943346605,0.45495952735812123,0.7678222779533734,1.0402165890231654
ENSMUSG00000096490,0,0,0,0,1.4441361217968252,-1.3199583081677826,1.1957804945387398,-1.3199583081677826
ENSMUSG00000083287,-0.248045744694284,-0.248045744694284,0.744137234082852,-0.248045744694284,-0.937835026516008,-0.937835026516008,2.1090612118934464,-0.233391158861431
ENSMUSG00000027907,0.08775787585388647,0.027161542060952896,-0.09090686710825767,-0.024012550806583443,0.9972061813254577,-1.303383229787481,-1.303383229787481,1.6095602782495022
ENSMUSG00000091498,0,0,0,0,-1.234411065866019,1.9070615255663286,-1.234411065866019,0.5617606061657093
ENSMUSG00000083373,0.5268772972762772,-0.30910954319240047,-0.30910954319240047,0.09134178910852354,-0.7372787561811379,-0.7372787561811379,-0.7372787561811379,2.2118362685434136
ENSMUSG00000047215,0.016934064746051452,-0.010182249538263632,0.00955525764069563,-0.016307072848482287,-0.7637218263037081,-0.7637218263037081,-0.7637218263037081,2.2911654789111235
ENSMUSG00000028669,0.008807643004368869,0.011938745458233471,-0.018915207319911486,-0.0018311811426896878,1.4748255931675356,0.5501602621003273,-2.1241016834953466,0.09911582822748335
ENSMUSG00000082016,0.5864176784698157,-0.24521778109277456,-0.24521778109277456,-0.09598211628426705,1.7305424434057466,-1.2266682284056738,-1.2266682284056738,0.7227940134056013
ENSMUSG00000112683,0.026051449115625788,-0.07719233856569302,0.02972848956539081,0.02141239988467606,-1.2728234531823146,1.778640722075571,-1.2728234531823146,0.7670061842890591
ENSMUSG00000061983,0.04483032158319528,-0.007905132568455393,0.037159690080555294,-0.07408487909529578,0.6018348591046492,0.16771181275378497,-2.160248603204645,1.3907019313462108
ENSMUSG00000062328,0.014120565026424385,9.238138868479237e-5,0.018584663200557135,-0.032797609615666905,-1.3201978533013563,1.2046772041510845,-1.3201978533013563,1.4357185024516266
ENSMUSG00000028293,-0.019403367996951193,0.021169790732449085,0.03200446831660101,-0.033770891052098455,-1.1218438719025075,2.112519373390053,-1.1218438719025075,0.13116837041496215
ENSMUSG00000109509,-7.383778784708201e-17,-7.383778784708201e-17,-7.383778784708201e-17,-7.383778784708201e-17,-1.2424024862551712,-1.2424024862551712,1.8849537482521719,0.5998512242581704
ENSMUSG00000024846,0.017087926744889844,0.08254246931787304,-0.08189766947816426,-0.017732726584597444,1.7334698205751238,-1.2824882341663915,-1.2824882341663915,0.83150664775766
ENSMUSG00000067288,0.028959014717680653,-0.01429687172771475,0.00578291572495512,-0.020445058714919837,-2.188913560578819,0.42838915714531195,0.3934754931896632,1.3670489102438441
ENSMUSG00000110057,0.05393461089708048,0.05937710216840415,-0.10789738745654864,-0.0054143256089356885,1.738930035669293,-1.2808396283001733,-1.2808396283001733,0.8227492209310537
ENSMUSG00000083344,-0.06811090515099126,0.10063678035898974,-0.06811090515099126,0.03558502994299308,2.072816651779649,-1.1474782683944482,-1.1474782683944482,0.22213988500924714
ENSMUSG00000074280,-0.31385790695250343,-0.31385790695250343,0.5666884044936482,0.061027409411358875,1.3129681187150941,-1.2722829650416716,-1.2722829650416716,1.2315978113682484
ENSMUSG00000100755,0.01525848453065823,-0.02007559617307237,-0.024631887197331618,0.029448998839745756,-1.3082882548901362,1.5834405256009623,-1.3082882548901362,1.0331359841793095
ENSMUSG00000057863,0.021194635454907216,0.006593335318197164,0.014746153771145522,-0.04253412454424811,-0.7636251651691602,-0.7636251651691602,-0.7636251651691602,2.290875495507481
ENSMUSG00000075268,0.019700532414797838,0.16447556025348967,-0.10155325189875718,-0.0826228407695296,1.8062504516313111,-1.2610429949780955,-1.2610429949780955,0.7158355383248791
ENSMUSG00000031012,-0.01166689312591985,-0.053709260575695604,0.1040014294211458,-0.03862527571952975,-0.44619310581016414,-1.7141817094842855,1.9501167431696276,0.21025807212482162
ENSMUSG00000021000,-0.003550999172989313,-0.007824529449119755,-0.0030865714097226354,0.0144621000318329,-1.700173681814641,-0.263622198022309,2.0093640336232306,-0.045568153786281304
ENSMUSG00000110360,0.019843678595279447,-0.0023040208762761345,0.06353273073338565,-0.08107238845238926,1.0737505181507905,-1.968904451471754,1.3304180008901496,-0.43526406756918606
ENSMUSG00000050608,-0.04595858880920702,0.024918108163002616,-0.01291707170718733,0.03395755235339114,-1.3020819198565587,-1.3020819198565587,0.9747612622228294,1.629402577490288
ENSMUSG00000082474,0.0913705055544626,-0.2093013243567537,0.24151782105466682,-0.12358700225237558,-1.579317381898092,1.2305408326052851,1.3586481927348815,-1.0098716434420745
ENSMUSG00000078566,-0.0060017210090543794,0.023278315381921384,-0.006371321557108337,-0.010905272815758368,-2.018914424392473,1.692933219406346,0.11775583006790774,0.2082253749182172
ENSMUSG00000037152,0.029896054999325468,0.015437391839333575,-0.003876621108370077,-0.04145682573028717,-2.2185651710916114,1.238179742525389,0.3149273030001811,0.6654581255660419
ENSMUSG00000024208,-0.010295843051344728,0.03811679683652727,-0.029537840391894627,0.0017168866067132852,-1.299400965188361,-1.299400965188361,0.9502633129862712,1.6485386173904497
ENSMUSG00000105796,7.535468056123363e-17,7.535468056123363e-17,7.535468056123363e-17,7.535468056123363e-17,-0.7637626158259734,-0.7637626158259734,-0.7637626158259734,2.29128784747792
ENSMUSG00000039914,-0.018848089889267547,0.03343778168734805,-0.030941925974849478,0.01635223417676987,-1.2427249834143095,1.8829750628010153,-1.2427249834143095,0.6024749040276044
ENSMUSG00000086167,-0.20101766062289025,0.15984457743403793,-0.0756931153745578,0.11686619856341031,-0.7590923557721676,-0.7590923557721676,2.2772770673165024,-0.7590923557721676
ENSMUSG00000066315,-0.062079235539460285,0.12690587090892744,-0.14745025353130245,0.08262361816183587,-1.3064887356586734,-1.3064887356586734,1.5553075083498518,1.057669962967495
ENSMUSG00000117248,-0.08444934924167967,0.17278278531430352,-0.049844990853959305,-0.038488445218664534,-1.2633071061557832,1.799622850437224,-1.2633071061557832,0.7269913618743417
ENSMUSG00000028466,0.016575724692936215,-0.07288993832315704,0.012934299710980956,0.04337991391924109,-1.289304979729463,1.703511369214664,-1.289304979729463,0.8750985902442614
ENSMUSG00000090460,-0.04978243359148331,0.14934730077445052,-0.04978243359148331,-0.04978243359148331,-1.3200322039312882,-1.3200322039312882,1.3326898894570678,1.3073745184055074
ENSMUSG00000059195,0.1669162992441477,-0.29171420290214045,0.6404260703751063,-0.5156281667171136,-1.2332335305485955,1.4857845664465303,-1.2332335305485955,0.9806824946506608
ENSMUSG00000015575,0.0046312215633936915,-0.0020395683051718182,-0.0030480121840571702,4.563589258346897e-4,1.5825075292511557,-1.308619031125478,-1.308619031125478,1.0347305329997993
ENSMUSG00000113555,1.5177350686022797e-16,1.5177350686022797e-16,1.5177350686022797e-16,1.5177350686022797e-16,2.0252198887041275,-1.1802650975223745,-1.1802650975223745,0.33531030634062126
ENSMUSG00000108437,-0.23058817732552922,-0.23058817732552922,0.2566278132675389,0.2045485413835197,-0.7519951376522088,-0.7519951376522088,-0.7519951376522088,2.255985412956627
ENSMUSG00000069305,0.020499150743472597,0.21116072175154038,-0.08505928374430782,-0.14660058875070409,1.3125085187321162,1.0874299411262738,-1.9553596342497104,-0.4445788256086796
ENSMUSG00000098033,-0.025268583698438058,-0.022767949176655502,-0.0028183510913260164,0.05085488396641897,0.7671799292500711,0.7234942208460019,0.7995230018712324,-2.290197151967306
ENSMUSG00000080242,-0.17867423911257085,0.2538228478068011,0.10352563041834063,-0.17867423911257085,-1.2768135965236938,-1.2768135965236938,1.6891214895246272,0.8645057035227606
ENSMUSG00000114008,0.05678097936230661,0.06373371325627658,-0.06025734630929198,-0.06025734630929198,1.448057568704873,-1.3183118101259572,1.1885660515470418,-1.3183118101259572
ENSMUSG00000052192,0.0899467229242696,0.10933441881536687,-0.09964057086981812,-0.09964057086981812,-0.7615827316172422,-0.7615827316172422,-0.7615827316172422,2.2847481948517263
ENSMUSG00000058546,0.013372399564815033,-0.004870406750165239,0.006425722014736039,-0.014927714829385834,0.9519879562493693,-2.2575989272651316,0.3843009767527722,0.9213099942629893
ENSMUSG00000007655,0.01568207934248576,-0.09536595224067916,0.07112856993255164,0.008555302965642074,-1.2431379785148247,1.8771564350157148,-1.2431379785148247,0.6091195220139353
ENSMUSG00000069273,-0.044061472222463906,0.032068374357264666,0.07280912105070894,-0.06081602318551214,0.7106807620244414,0.8515440090527547,0.7251351018781487,-2.287359872955343
ENSMUSG00000041959,-0.003874544480262582,0.022996669135137777,-0.029376684327970703,0.01025455967309734,-2.1663688331426503,0.293652217146095,0.4538810091664511,1.4188356068301022
ENSMUSG00000072940,0.00186944660074579,-0.008450823851471044,-0.004491684907891605,0.011073062158616248,-0.763750739268969,-0.763750739268969,-0.763750739268969,2.2912522178069064
ENSMUSG00000061863,0.1476166920873966,-0.04920556402913254,-0.04920556402913254,-0.04920556402913254,-1.2435221300023247,1.8702424018943475,-1.2435221300023247,0.616801858110303
ENSMUSG00000069268,-0.04877752744057159,-0.04877752744057159,0.14633258232171475,-0.04877752744057159,1.2039689241485716,1.366687445560495,-1.703620071023973,-0.8670362986850932
ENSMUSG00000086922,0.19957431702635833,0.6641014006311634,0.5929618637883063,-1.4566375814458274,0.6044256615573017,1.0999651635361671,-1.56564296577052,-0.13874785932294761
ENSMUSG00000046364,0.004505565985265494,-0.009036526431694558,0.07783273067787864,-0.07330177023144804,-0.197263313842856,1.3621828880893205,-2.068308553781274,0.903388979534811
ENSMUSG00000032575,0.005554140945559375,0.03318483159271357,-0.00302076372863416,-0.03571820880964001,1.5554616448613827,-1.3113338897245164,-1.3113338897245164,1.0672061345876478
ENSMUSG00000091233,7.665086641264818e-17,7.665086641264818e-17,7.665086641264818e-17,7.665086641264818e-17,-1.1421134220181766,-1.1421134220181766,2.0861228830363707,0.19810396099998204
ENSMUSG00000098274,0.009740619141225053,-0.012863996203016398,0.007358343810419427,-0.00423496674862931,-2.2043204234092513,0.4773431732749798,0.4043822580880844,1.3225949920461861
ENSMUSG00000069008,0.7871525397389686,-0.9680996128842017,1.1490466860294344,-0.9680996128842017,1.2022430128051365,-0.8587259314190674,-0.8587259314190674,0.5152088500329969
ENSMUSG00000010517,-0.028230621283767906,-0.016769678597435986,0.026432923615117496,0.018567376266086705,2.2570961119633086,-0.6180320505917043,-1.1180001111826638,-0.5210639501889404
ENSMUSG00000028936,0.015949577229751207,-0.015286643810368865,0.016746539174914015,-0.017409472594296357,-1.3133114441014997,-1.3133114441014997,1.089950081770197,1.5366728064328028
ENSMUSG00000112070,0.01688478412190437,-0.09457992854944194,0.07400873402249,0.0036864104050481888,2.2888772343958492,-0.7629590781319497,-0.7629590781319497,-0.7629590781319497
ENSMUSG00000071141,1.5393974628517687e-16,1.5393974628517687e-16,1.5393974628517687e-16,1.5393974628517687e-16,-1.3163362206790545,-1.3163362206790545,1.5021261780415778,1.1305462633165309
ENSMUSG00000083820,0.09675892059072229,-0.03225297353024053,-0.03225297353024053,-0.03225297353024053,-1.1432346498415227,2.0812045560721053,-1.1432346498415227,0.2052647436109391
ENSMUSG00000042750,0.040475459996811854,0.011227990694419914,-0.031922450363643065,-0.019781000327587464,-1.3027441664504855,0.9800555505459683,-1.3027441664504855,1.6254327823550043
ENSMUSG00000066632,0.34747201614242296,1.1169688308003458,-0.7322204234713843,-0.7322204234713843,-1.0165253747338454,-1.0165253747338454,1.4780743873045923,0.5549763621630981
ENSMUSG00000037872,-0.029218434380473845,0.0072224538363951695,-0.06038770648081815,0.08238368702489683,-1.2315273411209362,0.5525494311129973,-1.2315273411209362,1.9105052511288743
ENSMUSG00000066362,0.35513815619047684,-1.1571954137978893,0.6967312568022224,0.10532600080518949,-1.118655532414965,-1.118655532414965,0.9908141212026619,1.2464969436272675
ENSMUSG00000050323,0.05595156037170703,0.009038256905197719,-0.031874051749437006,-0.033115765527467436,-1.3105987824537417,1.559595217594657,-1.3105987824537417,1.0616023473128269
ENSMUSG00000084168,0.1712760338203913,0.08576931352105824,-0.12852267367072445,-0.12852267367072445,-2.2371516688196436,0.8849390953396601,1.01379532720486,0.3384172462751233
ENSMUSG00000033475,0.03474803205690745,-0.008595579166735532,-0.04464397432413468,0.018491521433962453,1.0081677565112657,-1.3056933684759806,-1.3056933684759806,1.6032189804406949
ENSMUSG00000082870,-0.05259344432973296,-0.018391407591110853,0.001829908384971417,0.06915494353587225,-1.321134657679092,-1.321134657679092,1.3936701527032562,1.2485991626549275
ENSMUSG00000084830,0,0,0,0,-0.7637626158259734,-0.7637626158259734,-0.7637626158259734,2.29128784747792
ENSMUSG00000030647,0.01374927247789275,0.012948846719327835,-0.0348444080826631,0.008146288885443755,1.2309895262263901,-1.3211825413364027,-1.3211825413364027,1.411375556446415
ENSMUSG00000001020,-0.026117228789981534,-0.03392229459079221,-0.0058664475549066435,0.06590597093568226,-1.3178812196229575,1.470435341066076,-1.3178812196229575,1.165327098179838
ENSMUSG00000058600,0.018838594146313364,-0.018777441555208853,0.0467045157875406,-0.04676566837864572,-1.2628130516508624,0.7077738810302961,-1.2628130516508624,1.8178522222714273
ENSMUSG00000082151,-0.0532368922015384,0.1597106766046155,-0.0532368922015384,-0.0532368922015384,2.2857148771836124,-0.7619049590612041,-0.7619049590612041,-0.7619049590612041
ENSMUSG00000036835,0.017502737926797584,0.010048609358726845,-0.01838738035466347,-0.009163966930860332,1.1777129336143752,0.49285326446600264,-2.244868640996949,0.5743024429165714
ENSMUSG00000100568,-3.122744939895392e-16,-3.122744939895392e-16,-3.122744939895392e-16,-3.122744939895392e-16,0.9454577499226007,1.025077824464022,0.26249418368530886,-2.2330297580719303
ENSMUSG00000019689,0.01684181807030541,0.012694142342886676,-0.04834631720317698,0.018810356789986146,1.5781281208239322,-1.3087956332310486,-1.3087956332310486,1.0394631456381644
ENSMUSG00000000740,0.02896259757196475,-0.013278765024897325,0.02825018533562592,-0.04393401788269209,1.1972851092623342,-1.90029473752248,-0.5716781526788641,1.2746877809390091
ENSMUSG00000015013,0.018483653860674108,-0.024964133911155914,0.03134229585144481,-0.024861815800962694,-1.3145534385084539,-1.3145534385084539,1.5209895380480802,1.1081173389688272
ENSMUSG00000035215,0.021064388264991383,-0.02141487268041888,-0.02631199804714573,0.026662482462572603,-1.319924793140881,1.1997402530144328,-1.319924793140881,1.4401093332673294
ENSMUSG00000063021,-0.020064416017115907,-0.020064416017115907,-0.020064416017115907,0.060193248051348035,2.1755594586399627,-1.062929917701787,-1.062929917701787,-0.04969962323638894
ENSMUSG00000112755,-0.03951293380207483,-0.11217551493195098,0.08075240054141848,0.07093604819260749,1.3546762666995085,-1.3202204457582307,-1.3202204457582307,1.2857646248169528
ENSMUSG00000094574,7.834728125117574e-17,7.834728125117574e-17,7.834728125117574e-17,7.834728125117574e-17,-0.7637626158259734,-0.7637626158259734,-0.7637626158259734,2.2912878474779204
ENSMUSG00000117813,-0.09048346260114225,0.05668143014789755,-0.10410167787113864,0.137903710324383,0.8386933990710572,0.7057010098160428,0.7385555529283616,-2.2829499618154614
ENSMUSG00000067455,-0.039295638938122844,-0.05837137918170445,0.11546543333509134,-0.01779841521526341,1.3739823270554705,-1.8324835041167222,1.1321527682736738,-0.6736515912124216
ENSMUSG00000092358,-0.23306676501110815,0.42088221356646827,0.045251316455747974,-0.23306676501110815,-0.7478953941314769,-0.7478953941314769,-0.7478953941314769,2.243686182394431
ENSMUSG00000059070,0.010423800234825566,-0.0010099292768827157,0.0038540331815608408,-0.01326790413950369,0.8079037828419271,-0.5721611215763547,-1.848743258453474,1.6130005971879011
ENSMUSG00000079435,0.0034681731351725435,0.014258400204194627,0.0231919293484938,-0.04091850268786034,-0.763630172288349,-0.763630172288349,-0.763630172288349,2.290890516865046
ENSMUSG00000059058,0.31664298784210193,0.1521979496748459,0.0012661016991045112,-0.4701070392160525,-0.7447354547662771,-0.7447354547662771,-0.7447354547662771,2.2342063642988315
ENSMUSG00000026767,-0.0018982775342944454,0.028479193681389764,0.01957977959677849,-0.046160695743874436,1.3372749640861805,-2.1460769666473767,0.7756422560257039,0.03315974653549106
ENSMUSG00000060938,0.020485929951876435,-0.009146115534267356,0.020862801829369015,-0.032202616246977143,0.29433248338535856,-2.166762560029131,0.4547923488008002,1.417637727842972
ENSMUSG00000114571,0.2288041038610971,-0.07626803462036566,-0.07626803462036566,-0.07626803462036566,-0.7599450771131292,-0.7599450771131292,-0.7599450771131292,2.279835231339388
ENSMUSG00000057841,0.011311819705439539,-0.004069836436914959,0.03249878803539266,-0.039740771303915984,0.5839867979161895,-2.2517342076929934,0.5214783260854199,1.1462690836913823
ENSMUSG00000081994,0,0,0,0,2.2912878474779204,-0.7637626158259734,-0.7637626158259734,-0.7637626158259734
ENSMUSG00000061477,0.03550560685370841,0.008585608850558766,0.03439098934966409,-0.07848220505393064,-2.289730503463271,0.757499043410966,0.7462884798595575,0.7859429801927473
ENSMUSG00000029233,0.01603897906783921,0.00255886315398704,-0.015290526939603762,-0.0033073152822228023,1.9429449683238353,-1.2200862764586977,-1.2200862764586977,0.497227584593559
ENSMUSG00000031819,0.07081657924635819,-0.0035281321444846987,0.05779328585794824,-0.12508173295982236,-1.1866691464767067,-1.1866691464767067,2.0061971837572816,0.3671411091961317
ENSMUSG00000062896,0,0,0,0,2.0561341555229395,-1.1620126275653946,-1.1620126275653946,0.26789109960784935
ENSMUSG00000091537,0.022337279718638508,-0.006169841479272505,-0.025264631038866617,0.009097192799501247,-1.3220788161182166,-1.3220788161182166,1.2621942004880111,1.3819634317484204
ENSMUSG00000040952,0.03609130274353175,-0.019361466635020322,0.00801393845727291,-0.024743774565783076,-2.232253235379078,0.8015090472962976,0.2977835715326023,1.1329606165501798
ENSMUSG00000062997,0.0485559653404681,-0.017179168223532347,0.02259766522063758,-0.0539744623375727,1.1371334800013497,-2.2311739573032923,0.2977701280441707,0.7962703492577704
ENSMUSG00000061852,-0.06970706170535737,0.07589392931698175,0.06352019409373293,-0.06970706170535737,-0.7626973595695267,2.28809207870858,-0.7626973595695267,-0.7626973595695267
ENSMUSG00000084319,0.017363271497314686,-0.03488737419742343,-0.001959658895178766,0.019483761595288147,-1.3023271480048,-1.3023271480048,1.6293393258930013,0.9753149701165974
ENSMUSG00000061991,-0.09177245968920002,0.06656448552418803,0.0760754839518909,-0.05086750978687868,2.0562134101518117,-1.1582364612333198,-1.1582364612333198,0.2602595123148288
ENSMUSG00000110841,0.2557903054600648,-0.08526343515335488,-0.08526343515335488,-0.08526343515335488,-1.3097673269655035,-1.3097673269655035,1.4691410330226138,1.150393620908393
ENSMUSG00000042737,0.04035523766079934,0.02076124251105664,-0.027017429626402693,-0.034099050545452654,-1.321009014093286,1.4098585430401396,-1.321009014093286,1.2321594851464328
ENSMUSG00000110458,0.0864064753633986,-0.1757580368918557,0.0875828265831961,0.0017687349452603683,-0.7612472853562758,-0.7612472853562758,-0.7612472853562758,2.2837418560688265
ENSMUSG00000067274,0.0029656614734400464,0.00161955059891806,0.017006427583405818,-0.021591639655762655,-2.2796263698909947,0.880614837930656,0.543881776729361,0.8551297552309786
ENSMUSG00000082085,-0.00958069339963981,-0.00958069339963981,0.028742080198919908,-0.00958069339963981,0.8587533241639015,0.48292229897463257,0.9304398917502109,-2.2721155148887444
ENSMUSG00000087298,-0.012297455689141899,0.14672490885544962,-0.18023437466347736,0.045806921497169716,-1.3151970690429373,1.4264727361068148,1.2039214019790594,-1.3151970690429373
ENSMUSG00000090553,-0.002730484946551674,1.336260207754976e-4,-0.03586315371820162,0.038460012643978435,-1.3181387262984547,1.1644045707603854,-1.3181387262984547,1.4718728818365228
ENSMUSG00000118499,-0.02969242316195525,0.08907726948586568,-0.02969242316195525,-0.02969242316195525,-1.312728416615474,1.5322696848569786,-1.312728416615474,1.0931871483739701
ENSMUSG00000090036,1.591987444974639e-16,1.591987444974639e-16,1.591987444974639e-16,1.591987444974639e-16,2.29128784747792,-0.7637626158259733,-0.7637626158259733,-0.7637626158259733
ENSMUSG00000024911,0.017129906388241717,-0.0059054529885037834,-0.00875293733604685,-0.0024715160636923574,1.529454289259853,-2.1091295016684315,0.14164918569763466,0.43802602671094254
ENSMUSG00000068749,-0.0011599381080729652,0.016457521505364895,-0.019943986368014276,0.004646402970722666,1.457703556362259,-2.100637883585217,-0.0356371643735622,0.6785714915965197
ENSMUSG00000101736,0.012918716225741794,-0.03623145001036766,0.013144965404819606,0.010167768379806744,0.958271581475236,0.3421032215156929,0.9494122145038939,-2.249787017494824
ENSMUSG00000078695,0.02494860335626617,0.004004037846873113,-0.03387333419212465,0.004920692988986325,-1.2936142336222018,-1.2936142336222018,0.9034612013624945,1.6837672658819074
ENSMUSG00000107383,0.11704348208367908,0.09932312889438384,-0.17223426351182708,-0.04413234746623618,-1.3111825312523493,-1.3111825312523493,1.495607194330183,1.1267578681745152
ENSMUSG00000036570,0.011048689144709025,0.002532029397748751,0.006706374992527659,-0.02028709353498415,-2.08566567047758,0.38160233532438703,0.12681534908078224,1.577247986072411
ENSMUSG00000115053,-0.014008941497732146,-0.0034675341544326468,-0.014953125897868451,0.032429601550032605,-0.7636816772895955,-0.7636816772895955,-0.7636816772895955,2.2910450318687845
ENSMUSG00000083380,-0.003168607095946779,-0.002984933657844068,0.019934424194444675,-0.01378088344065254,0.6071826177774969,-2.2690843753103334,1.0556956191161957,0.6062061384166404
ENSMUSG00000035674,0.020995785223326922,-0.009219054996592936,-0.0011233301314151193,-0.010653400095318866,-2.2185506542142894,0.27967383369526144,0.7249457640692809,1.2139310564497479
ENSMUSG00000050891,-0.023287998986358596,-0.1343611352879889,0.11744921618124188,0.04019991809310562,-1.243798805074285,-1.243798805074285,0.6201592727263979,1.8674383374221704
ENSMUSG00000037772,-0.18448333144545237,0.10478577994521736,0.16715970587133663,-0.08746215437110147,1.7433169393312802,-1.2723832772453543,-1.2723832772453543,0.8014496151594278
ENSMUSG00000019874,0.08357006828813796,0.09704144909318044,-0.12669285755557919,-0.053918659825737895,-1.2817298656991152,0.8382690983752551,-1.2817298656991152,1.725190633022972
ENSMUSG00000060419,0.008837139900438863,0.00977678880377037,-0.01143788753652377,-0.007176041167685462,-0.7637431941061151,-0.7637431941061151,-0.7637431941061151,2.2912295823183446
ENSMUSG00000091785,0.10699634042036876,0.020365726333913314,-0.06368103337714133,-0.06368103337714133,1.3454314009633779,1.2963142768724158,-1.3208728389178968,-1.3208728389178968
ENSMUSG00000027166,-0.013561913167575063,0.0018121620065313067,0.03205634299850487,-0.020306591837461595,1.8801630050849787,-1.2438409598061508,-1.2438409598061508,0.6075189145273218
ENSMUSG00000074457,-0.018830290767619055,0.02579323086524256,-0.03359822491584247,0.026635284818219286,1.3428114462340583,-1.3225277876728185,-1.3225277876728185,1.3022441291115787
ENSMUSG00000062397,-0.013771564466029465,0.01796816332813242,0.06518926796517971,-0.06938586682728072,-1.286443435681728,-1.286443435681728,1.716952783496112,0.8559340878673432
ENSMUSG00000061272,0.08149134018086816,-0.08326946228552491,-0.08326946228552491,0.08504758439018158,-0.7622476884826808,-0.7622476884826808,-0.7622476884826808,2.286743065448042
ENSMUSG00000118294,-0.06696694885695963,0.16940230060577136,-0.3057819251163855,0.20334657336757367,-0.7545399190722142,-0.7545399190722142,-0.7545399190722142,2.2636197572166425
ENSMUSG00000036781,-0.0021664115626892425,0.002568983629459829,-0.00497774502926553,0.004575172962493645,-1.3209889764083491,1.2212505844488624,-1.3209889764083491,1.4207273683678354
ENSMUSG00000068290,0.033103314633425446,0.001861154972308071,-0.03589865349713805,9.341838914045253e-4,-1.3215458677281955,-1.3215458677281955,1.2451351400712596,1.3979565953851307
ENSMUSG00000029404,2.504982321855419e-5,-0.007899757188177148,-0.03905506175835198,0.0469297691233122,-1.3055984313748494,-1.3055984313748494,1.0073863959905538,1.603810466759145
ENSMUSG00000037601,0.01643744616242123,0.017309994095213426,-0.0552608331998819,0.02151339294224919,-1.2931724492037642,0.9015516790781224,-1.2931724492037642,1.684793219329405
ENSMUSG00000058622,0.03152102113923385,-0.08846635879335123,-0.08846635879335123,0.14541169644746843,-1.2606740674426233,1.810679909773862,-1.2606740674426233,0.7106682251113853
ENSMUSG00000105965,-0.05706622722842205,-0.05706622722842205,-0.05706622722842205,0.17119868168526672,-1.1112847858825956,-1.1112847858825956,2.1165474001238853,0.10602217164130578
ENSMUSG00000095588,-0.2985710092267566,0.5346053007617005,-0.2985710092267566,0.06253671769181252,1.744113523805292,-1.2237739200741093,-1.2237739200741093,0.7034343163429267
ENSMUSG00000078183,0.7244607221615827,-0.8065210476884964,0.8885813732154098,-0.8065210476884964,-0.6044713533666309,-0.6044713533666309,-0.6044713533666309,1.8134140600998923
ENSMUSG00000028081,0.015574754385470952,-0.0011800089939182428,-0.014188594336064531,-2.061510554881774e-4,-1.2887776447064219,-1.2887776447064219,0.8670174012522824,1.7105378881605602
ENSMUSG00000032401,-0.10861425457630003,-0.06612415163932019,0.11295618367065383,0.06178222254496606,2.2648695350438732,-0.9008688046640845,-0.9008688046640845,-0.4631319257157039
ENSMUSG00000055862,0.0999206576675687,0.006598331927815111,-0.07358777902625822,-0.03293121056912397,-1.301079992918778,1.6268376531827964,-1.301079992918778,0.9753223326547593
ENSMUSG00000022400,-0.009200329762868413,0.007593753529117226,-0.014725914457504641,0.01633249069125583,0.7034862166602468,-2.2877255313849187,0.881243220155231,0.7029960945694406
ENSMUSG00000060093,-0.08355462529013565,0.037727799382690684,0.06342677746258128,-0.017599951555136002,-1.5799279285993164,1.5515954986952858,1.0347641546228241,-1.0064317247187935
ENSMUSG00000110040,0.05731209936663841,0.0585404532943501,0.0924828816159402,-0.20833543427692838,1.2512402409311336,1.1741665981240101,-1.9392579921109712,-0.48614884694417204
ENSMUSG00000091449,-0.19248166862157626,-0.049403796416473585,0.14089307997696532,0.10099238506108467,-1.3150094799113123,-1.3150094799113123,1.397046122005238,1.232972837817386
ENSMUSG00000094392,0.15194187815603075,-0.23963480776702487,-0.2911725480160225,0.3788654776270172,-0.7467244204810539,-0.7467244204810539,-0.7467244204810539,2.2401732614431613
ENSMUSG00000066407,8.162432650083848e-17,8.162432650083848e-17,8.162432650083848e-17,8.162432650083848e-17,-0.7637626158259735,-0.7637626158259735,-0.7637626158259735,2.2912878474779204
ENSMUSG00000083551,-0.05139014271845402,-0.22908035277351987,-0.05309616204298466,0.3335666575349582,-0.7544752772491289,-0.7544752772491289,-0.7544752772491289,2.2634258317473868
ENSMUSG00000031765,-0.007501658673928686,-0.012896132470449025,0.013255897811391155,0.007141893332984268,0.5942855450234202,0.8981806889403944,-2.283425216338229,0.7909589823744114
ENSMUSG00000107333,0.037430432629419856,0.04859376185931432,-0.1136898524197649,0.027665657931030967,-1.1303547587989822,-1.1303547587989822,2.097758323732338,0.16295119386562743
ENSMUSG00000084392,0,0,0,0,-0.7637626158259733,-0.7637626158259733,-0.7637626158259733,2.29128784747792
ENSMUSG00000082900,-0.05035163655688833,-0.03601708765370173,0.0341378457543523,0.05223087845623793,1.3138216154448923,-1.9207486135625684,1.1379367942220535,-0.5310097961043774
ENSMUSG00000102765,0,0,0,0,-0.7637626158259733,2.29128784747792,-0.7637626158259733,-0.7637626158259733
ENSMUSG00000021241,0.015389592730782945,0.010168617946949106,-0.01806330945680693,-0.007494901220925778,1.5493147482868825,-1.3121324659544622,-1.3121324659544622,1.0749501836220425
ENSMUSG00000084124,-0.06754484448506047,-0.6458908573191271,0.1919483023198829,0.5214873994843047,-0.7228110308505413,-0.7228110308505413,-0.7228110308505413,2.1684330925516235
ENSMUSG00000089838,0.256335860610812,0.0600666796144573,-0.15820127011263488,-0.15820127011263488,2.025706822673278,-1.1598851593419586,-1.1598851593419586,0.29406349601063986
ENSMUSG00000023089,0.0017620206189549097,0.019587208824553712,-0.026006002319490112,0.004656772875982144,0.867438407495138,-2.2321577431145037,0.27449435585417326,1.0902249797651904
ENSMUSG00000047804,0.0077729966335589274,-0.023458145188461937,0.02992761826876538,-0.014242469713862371,1.5600329188857684,-1.8425075961349853,0.8928548823936991,-0.6103802051444831
ENSMUSG00000040037,0.09507808006576281,0.13883926735903232,-0.14444135322907461,-0.08947599419572018,2.1349063925702803,-1.0914850290956535,-1.0914850290956535,0.04806366562102776
ENSMUSG00000108252,0,0,0,0,-0.7637626158259734,2.29128784747792,-0.7637626158259734,-0.7637626158259734
ENSMUSG00000021936,-0.011181291847166326,-0.04204492460452276,0.09929267635651615,-0.04606645990482673,2.003086141299199,-1.1899214802693887,-1.1899214802693887,0.37675681923957816
ENSMUSG00000082301,0.012361604299117129,-0.01244250318131544,0.012523402063513095,-0.01244250318131544,0.9254759590335729,0.7930108080988499,0.5615680828947243,-2.2800548500271467
ENSMUSG00000105388,0.008807721204219151,0.0018075075418744974,-0.05893550096718042,0.04832027222108611,-2.277121807388926,0.9692943575343173,0.7378461931717949,0.5699812566828121
ENSMUSG00000108911,-0.15107120865380602,-0.15107120865380602,0.45321362596141795,-0.15107120865380602,-0.7486727076962346,-0.7486727076962346,-0.7486727076962346,2.246018123088704
ENSMUSG00000083240,-0.38678976883170585,0.4021523588772074,0.020668123771816656,-0.036030713817319045,-2.2204808654914725,0.8102793485333466,0.9347958992736602,0.4754056176844653
ENSMUSG00000023861,0.002846808580477825,-5.891751491103396e-4,-0.016392700955232875,0.014135067523864732,1.1771566137348468,-2.2041478103211705,0.17570697663840767,0.8512842199479135
ENSMUSG00000028597,-0.04203427510137494,0.005828316287905946,0.05933512482405683,-0.02312916601058702,2.1091647105188285,-1.1239090284627127,-1.1239090284627127,0.13865334640659607
ENSMUSG00000079942,-0.3815391693779295,0.009771843478672085,0.22228720062531032,0.14948012527394763,-1.2849677824119665,-1.2849677824119665,1.583302878021558,0.9866326868023751
ENSMUSG00000117621,0.01492236344004651,0.1655800402010808,-0.29579428888379294,0.11529188524266615,-1.2901557251633509,-1.2901557251633509,1.616933105447088,0.9633783448796143
ENSMUSG00000056608,-0.020420096168467575,0.0016128498275623387,-0.026352140177983176,0.04515938651888973,-1.318970622881308,-1.318970622881308,1.180926070635375,1.4570151751272409
ENSMUSG00000032802,0.03607333763321815,0.021596623087682416,0.1878080290949482,-0.24547798981584876,2.2753078364652075,-0.7584359454884031,-0.7584359454884031,-0.7584359454884031
ENSMUSG00000117962,0.029730037436215006,-0.06300928242633817,0.09628852741646159,-0.06300928242633817,-1.1963525594559086,1.9890903846388106,-1.1963525594559086,0.40361473427300665
ENSMUSG00000079137,-0.0069013018108117,0.18045523163444546,-0.021476647494398305,-0.15207728232923595,-1.3084978795857996,1.5265950273189794,-1.3084978795857996,1.0904007318526192
ENSMUSG00000062742,0.23891251364532096,-0.05963131016779113,0.11882099271012281,-0.2981021961876518,-1.2620960144185802,1.7441936038886818,-1.2620960144185802,0.779998424948479
ENSMUSG00000078691,0,0,0,0,1.3297840549786346,1.2844654968942626,-1.5940676227534856,-1.0201819291194116
ENSMUSG00000047965,-0.08784721526905423,-0.08784721526905423,0.18568632111843114,-0.00999189058032326,-1.2717399711152486,1.761993104344514,-1.2717399711152486,0.7814868378859834
ENSMUSG00000082220,-0.0602871992809316,-0.0602871992809316,-0.0602871992809316,0.18086159784279435,-0.7613795288397204,-0.7613795288397204,-0.7613795288397204,2.2841385865191612
ENSMUSG00000101209,-0.08384329162972017,-0.3072695573795418,0.347521306472184,0.043591542537077775,-0.7514366485009222,-0.7514366485009222,2.254309945502766,-0.7514366485009222
ENSMUSG00000045948,0.02164669199379236,0.020640647925793183,-0.0166313600674755,-0.025655979852109382,0.7065319331063682,-2.2895337061640633,0.74638280796388,0.8366189650938142
ENSMUSG00000110469,0.800044633038844,-0.26668154434628155,-0.26668154434628155,-0.26668154434628155,1.3218139055553153,-1.2382033346472041,-1.2382033346472041,1.1545927637390938
ENSMUSG00000059791,-0.03458951573825079,0.07482821509951638,-0.05803088420378678,0.017792184842521177,2.1699658939753643,-1.0676048385607808,-1.0676048385607808,-0.034756216853803416
ENSMUSG00000082260,-0.08151455068306075,-0.08151455068306075,-0.08151455068306075,0.24454365204918274,-2.0521636591147634,1.4192295996599213,0.8136457874052384,-0.18071172795039675
ENSMUSG00000098036,0.019156669231546502,-0.006385556410515141,-0.006385556410515141,-0.006385556410515141,-1.4438545534194518,1.4227233822098801,1.2127364634580107,-1.1916052922484395
ENSMUSG00000091989,-0.3757083046286949,0.195532540584158,-0.011842436484845642,0.19201820052938176,-1.2754455682153445,1.647301368794443,-1.2754455682153445,0.9035897676362462
ENSMUSG00000075288,0.1323208078148555,0.03918313931861767,-0.0857519735667365,-0.0857519735667365,-1.9721976739040858,1.1308730978771018,1.270338089099662,-0.42901351307267804
ENSMUSG00000121574,8.305467720428697e-17,8.305467720428697e-17,8.305467720428697e-17,8.305467720428697e-17,-0.7637626158259735,-0.7637626158259735,-0.7637626158259735,2.29128784747792
ENSMUSG00000059912,-0.01814581026910204,-0.01814581026910204,-0.01814581026910204,0.05443743080730562,0.7333703833865584,1.4988991808972005,-2.0434977578152362,-0.18877180646852226
ENSMUSG00000082655,-0.025468051314357313,-0.025468051314357313,0.07640415394307244,-0.025468051314357313,-1.191334139848784,-1.191334139848784,2.0022313001810987,0.38043697951646926
ENSMUSG00000031792,0.030671420606704594,0.0031158785997244596,-0.05127193119265608,0.01748463198622802,2.182056376882731,-1.0558897074745512,-1.0558897074745512,-0.07027696193362896
ENSMUSG00000090223,-0.015461519645760398,0.04505801521422725,-0.07659603370363591,0.04699953813517039,0.2294401469599306,0.769080549521878,-2.209085682064512,1.210564985582704
ENSMUSG00000094420,-0.023835505842837237,-0.023835505842837237,-0.023835505842837237,0.07150651752851134,-0.7633905959563225,2.2901717878689674,-0.7633905959563225,-0.7633905959563225
ENSMUSG00000070394,0.007284988813535286,-0.011219833060460989,0.004098068480648418,-1.6322423372171612e-4,-2.247000954942457,0.3782548106682469,1.1098839753608245,0.7588621689133856
ENSMUSG00000007050,-0.029289255240639227,-0.020312321010041132,3.895145242027379e-4,0.049212061726477956,1.7952238569469403,-1.2691292856161507,-1.2691292856161507,0.7430347142853604
ENSMUSG00000031762,-0.0663050332351595,0.008571668022398305,-0.01853573337689673,0.0762690985896576,1.0972487988159407,0.6722571369954761,-2.2573252623738727,0.4878193265624566
ENSMUSG00000106037,0.019609936929326364,-0.0071931307737293625,0.018960680158281833,-0.031377486313877496,-0.7636654838782417,-0.7636654838782417,-0.7636654838782417,2.2909964516347228
ENSMUSG00000028495,0.020386074553577042,-0.008459735415498966,-0.004830601418600832,-0.007095737719477244,0.6757015345724566,0.4740120174155087,-2.2567097086766923,1.1069961566887268
ENSMUSG00000026563,0.0317850499889338,-0.029249557448576838,0.06812787850829596,-0.07066337104865393,1.0854537158797388,-1.8695175509729958,1.3939839529965512,-0.6099201179032956
ENSMUSG00000059658,0.19865271957653402,-0.15241312614381888,0.1061735327111031,-0.15241312614381888,0.9500812263987553,-2.2204216073183582,0.9977966947417851,0.2725436861778179
ENSMUSG00000034868,-0.006625149695835392,0.022500315843034694,0.022960481718348334,-0.038835647865547634,-2.01734000051433,-0.35095208606856776,1.1937038630213208,1.174588223561575
ENSMUSG00000020415,0.01050056983523375,0.02920265966833468,-0.026212474513296103,-0.013490754990272665,-1.305720951702537,-1.305720951702537,1.6045009991883097,1.006940904216763
ENSMUSG00000117845,-0.030019965728215265,0.20790971674772193,-0.4066374866382267,0.22874773561871994,-0.7493437561876732,-0.7493437561876732,-0.7493437561876732,2.24803126856302
ENSMUSG00000081113,-0.2346229489687627,0.15949552068053757,0.08085952042491502,-0.0057320921366902245,-1.2034332739108353,-1.2034332739108353,1.9517432206419438,0.455123327179726
ENSMUSG00000050621,0.03513306439530865,-0.016345258224504226,-0.014544961101311826,-0.0042428450694899245,-0.7636681730684283,-0.7636681730684283,-0.7636681730684283,2.2910045192052837
ENSMUSG00000047617,-0.004822257286776017,0.023099629759231945,-0.0613592990891803,0.043081926616724706,1.4374945344402796,-1.319664176053793,-1.319664176053793,1.2018338176673065
ENSMUSG00000063754,-0.04873686744254678,-0.3755062713764294,0.06801542098586688,0.3562277178331097,1.5576443224310197,-1.2818951018034779,-1.2818951018034779,1.0061458811759356
ENSMUSG00000095470,0.09639370728496603,-0.03213123576165512,-0.03213123576165512,-0.03213123576165512,1.3822081292292117,-1.874472325295743,1.0953385435133054,-0.6030743474467737
ENSMUSG00000109255,-0.014066666198674683,-0.014066666198674683,0.04219999859602388,-0.014066666198674683,-1.9987717982072297,1.250233769321107,1.1356157742118527,-0.3870777453257291
ENSMUSG00000062353,-0.11410068151575117,-0.22573753757696113,0.27164971691376505,0.06818850217894712,-1.3033973204037659,1.4797521597685068,-1.3033973204037659,1.1270424810390247
ENSMUSG00000062382,0.0549537389149763,-0.004727785959778738,-0.10750446991053512,0.05727851695533689,-2.2206305804450754,0.22765714394019254,0.9154923179461292,1.0774811185587532
ENSMUSG00000042729,0.04837817869829943,0.003641481697628085,-0.009120580158256526,-0.04289908023767099,1.614993043445995,-1.30406806699313,-1.30406806699313,0.9931430905402643
ENSMUSG00000020098,0.05686597686959995,0.036519226826756804,-0.06825760376567484,-0.02512759993068124,-1.3137711373921785,-1.3137711373921785,1.521332820052513,1.1062094547318446
ENSMUSG00000002580,0.027880669911629057,0.0029818463847611832,-0.045981081899996855,0.015118565603606611,-1.3004113755893771,0.9593894093835373,-1.3004113755893771,1.6414333417952152
ENSMUSG00000021520,-0.009764178996251892,0.01087845198067153,-0.0260663202000095,0.02495204721558986,-1.3069569356105042,-1.3069569356105042,1.0189130707041136,1.595000800516893
ENSMUSG00000115841,8.409661251678813e-17,8.409661251678813e-17,8.409661251678813e-17,8.409661251678813e-17,-0.7637626158259733,-0.7637626158259733,2.29128784747792,-0.7637626158259733
ENSMUSG00000103979,0,0,0,0,-0.7637626158259734,-0.7637626158259734,-0.7637626158259734,2.2912878474779204
ENSMUSG00000116358,0.07530530762384544,0.036795012607161615,0.13722206736223183,-0.24932238759323755,-1.3006707886987439,-1.3006707886987439,1.0314072684553677,1.56993430894212
ENSMUSG00000056366,0.1095530455647285,-0.07578089415374518,-0.21979714828527497,0.186024996874292,-1.293586375868032,1.614426252681042,-1.293586375868032,0.9727464990550216
ENSMUSG00000117202,0.08981804172381175,-0.029939347241270443,-0.029939347241270443,-0.029939347241270443,-1.2512782923798071,1.8539615283825588,-1.2512782923798071,0.6485950563770547
ENSMUSG00000111530,-0.006945216882573101,-0.08549456729210424,0.03368319769395146,0.05875658648072656,-0.763110714371569,-0.763110714371569,2.2893321431147067,-0.763110714371569
ENSMUSG00000071470,0.11551553934100728,-0.1751495299100128,0.21417111651739948,-0.15453712594839386,-0.7575304070847784,-0.7575304070847784,-0.7575304070847784,2.272591221254335
ENSMUSG00000081840,0.07017645928326403,-0.02339215309442122,-0.02339215309442122,-0.02339215309442122,2.2902129299614185,-0.7634043099871394,-0.7634043099871394,-0.7634043099871394
ENSMUSG00000108772,0.16615205408463718,0.013418233862911579,-0.07871779930309579,-0.10085248864445297,1.411475416585378,-1.317003792123786,-1.317003792123786,1.222532167662194
ENSMUSG00000018189,-0.040849468449522974,-9.137748325773323e-4,0.011214212155754633,0.030549031126346347,-1.2652594762991882,-1.2652594762991882,0.7203992581577219,1.8101196944406535
ENSMUSG00000025040,0.004379094311605681,0.04450047589927382,0.04705905736080565,-0.09593862757168414,1.7746775009231799,-1.2731351323737592,-1.2731351323737592,0.7715927638243388
ENSMUSG00000026111,-0.0010202328031173134,-0.019954485445450074,0.0358757219809788,-0.014901003732412085,-1.2862870960774635,-1.2862870960774635,1.7221504325455426,0.8504237596093833
ENSMUSG00000063316,0.018248975682758517,0.01528151697378763,0.020295334672274148,-0.053825827328818264,0.5153018069203684,-2.0725177626909663,-0.003312009866064978,1.5605279656366624
ENSMUSG00000080844,0.08921502733841323,-0.029738342446138304,-0.029738342446138304,-0.029738342446138304,1.062405080467703,-2.2553128036042414,0.7735594187911655,0.4193483043453736
ENSMUSG00000116845,8.448078313680724e-17,8.448078313680724e-17,8.448078313680724e-17,8.448078313680724e-17,-0.7637626158259734,-0.7637626158259734,-0.7637626158259734,2.29128784747792
ENSMUSG00000118302,8.448438818150024e-17,8.448438818150024e-17,8.448438818150024e-17,8.448438818150024e-17,-1.1429506912183425,2.0849312827843396,-1.1429506912183425,0.20097009965234533
ENSMUSG00000083852,0,0,0,0,-1.9069216235336344,1.1621626228146429,1.3039628233254184,-0.5592038226064276
ENSMUSG00000048185,-0.022173583907055042,0.06652075172116377,-0.022173583907055042,-0.022173583907055042,-2.156031823554868,1.2878831133129849,0.8278653890686452,0.04028332117323793
ENSMUSG00000083734,0.09680959738446727,-0.032269865794822626,-0.032269865794822626,-0.032269865794822626,1.1614680759296627,-1.3171046272886928,1.4727411786477234,-1.3171046272886928
ENSMUSG00000028692,0.012040138615820272,0.0187964122139066,-0.03944666928039739,0.008610118450671193,0.7129715710020056,0.11565003115953312,-2.165433481755127,1.3368118795935888
ENSMUSG00000083280,0,0,0,0,-0.7637626158259734,-0.7637626158259734,-0.7637626158259734,2.29128784747792
ENSMUSG00000010376,0.018544516676418307,0.017691098688984577,-0.05280083260141811,0.016565217236017265,-2.044740545452625,0.5327463175857197,-0.07720003617943384,1.5891942640463392
ENSMUSG00000105031,-0.4439777147292465,0.4503680542799557,0.4375873751785375,-0.4439777147292465,-0.7194589102476039,-0.7194589102476039,-0.7194589102476039,2.158376730742812
ENSMUSG00000082329,0.35736326927854356,-0.6246077932303583,0.8918523171821733,-0.6246077932303583,-0.6643681928079708,-0.6643681928079708,-0.6643681928079708,1.9931045784239112
ENSMUSG00000029373,-0.1154134149892164,-0.055972725905629926,0.11406465487446057,0.0573214860203866,1.9397974501405022,-1.2167109474527678,-1.2167109474527678,0.4936244447650333
ENSMUSG00000064193,-0.24978620975055751,-0.10491072088549198,0.10698026339740968,0.24771666723864041,-1.0778259214650077,-1.0778259214650077,2.128291865260847,0.027359977669168267
ENSMUSG00000091695,-0.02501501113730012,0.07504503341190011,-0.02501501113730012,-0.02501501113730012,2.1923112106509373,-1.0428030936519987,-1.0428030936519987,-0.10670502334694024
ENSMUSG00000023991,-0.0224058815963465,0.015418357721553833,-0.03849981943039432,0.045487343305187666,-1.1431413128146952,-1.1431413128146952,2.0835190751961505,0.20276355043324049
ENSMUSG00000082826,-0.06048763565709423,0.07258922299645022,0.0483860483177384,-0.06048763565709423,1.1842972805559222,1.1325637028525766,-2.057287846607297,-0.2595731368012002
ENSMUSG00000003955,9.075947925521008e-4,0.0217722186849196,0.0029001474708262474,-0.025579960948298286,-1.3196007386397886,-1.3196007386397886,1.1902215211567235,1.4489799561228527
ENSMUSG00000061613,0.01131646302984555,0.015005672982281172,-0.001669414714174145,-0.024652721297952238,0.9952381468217346,0.94847674640319,-2.2406985169205265,0.2969836236956024
ENSMUSG00000019373,-0.007063161418621732,6.485293531961146e-4,0.01608103194355568,-0.009666399878129383,-1.3017698413943182,-1.3017698413943182,1.634319666556145,0.9692200162324928
ENSMUSG00000059040,-0.009062800078675501,0.03041744673571673,-0.06658291817147177,0.04522827151442986,0.9525039242249537,-2.274930268403799,0.7945109466386863,0.5279153975401587
ENSMUSG00000019868,-0.055195918706678344,0.02816100133184363,0.0014034399041036676,0.025631477470733088,-1.243480920068514,-1.243480920068514,1.8800821421783467,0.6068796979586814
ENSMUSG00000085442,0.16182753917524126,-0.03334060647219713,-0.12067726368811577,-0.007809669014927868,-0.7614720534718253,-0.7614720534718253,-0.7614720534718253,2.284416160415476
ENSMUSG00000056612,0.043273642814999236,-0.005360869033221201,-0.03681475247061493,-0.0010980213111624272,-1.315812504010497,1.1270111024943008,-1.315812504010497,1.504613905526693
ENSMUSG00000076437,-0.012037994120238218,0.04075044989008922,-0.02014011644749928,-0.00857233932235172,1.3972035467895312,-1.321578320468282,-1.321578320468282,1.245953094147033
ENSMUSG00000025068,0.016473140488617512,0.033359098776773656,-0.049155892379994,-6.763468853964801e-4,1.7888523313536546,-1.270764424279484,-1.270764424279484,0.7526765172053133
ENSMUSG00000078915,0.39408911847755423,-0.400454997969499,-0.400454997969499,0.40682087746144313,0.8234813965444936,-2.175343985468527,0.8071807407968961,0.544681848127137
ENSMUSG00000046516,0.004661713506444143,-0.010148242913239515,9.453499044514304e-4,0.004541179502344624,0.956850475419963,-2.2487770856821157,0.3355157499440857,0.9564108603180657
ENSMUSG00000024761,0.17208364827151065,0.10734881285868753,-0.22098487103154324,-0.05844759009865482,-1.194952775544045,1.9679225269705036,-1.194952775544045,0.4219830241175864
ENSMUSG00000107261,-0.1660766366031839,0.05538416987378501,0.10491532156620595,0.0057771451631926105,-1.9334921618742518,1.5010789313130999,0.8769599903582125,-0.44454675979706043
ENSMUSG00000027673,-0.0022457546281785695,0.010770933576339611,0.019876569466039575,-0.028401748414199592,-1.3226795497502077,-1.3226795497502077,1.3420759532786595,1.303283146221755
ENSMUSG00000114107,4.2724357614282173e-17,4.2724357614282173e-17,4.2724357614282173e-17,4.2724357614282173e-17,-0.7637626158259734,-0.7637626158259734,-0.7637626158259734,2.29128784747792
ENSMUSG00000053093,0.4034113651758999,-0.164752840297768,-0.09533888751197092,-0.14331963736616107,2.1732840772329483,-1.008133911104565,-1.008133911104565,-0.1570162550238185
ENSMUSG00000045886,0.031190165983121607,-0.018611571500213038,-0.008294011979503416,-0.004284582503403785,0.949253848548071,0.8971819841720082,-2.262604457054659,0.4161686243345799
ENSMUSG00000105879,1.7102787800139087e-16,1.7102787800139087e-16,1.7102787800139087e-16,1.7102787800139087e-16,0.7935444037796511,1.0248207128623992,-2.2632143040729247,0.4448491874308731
ENSMUSG00000076564,0.07175328807588562,-0.023917762691961858,-0.023917762691961858,-0.023917762691961858,-0.7633880231973412,2.290164069592023,-0.7633880231973412,-0.7633880231973412
ENSMUSG00000058385,0.0092164425737387,-0.07670510673330105,-0.013289040089434727,0.0807777042489981,0.5756509566588955,0.8470600485964761,0.8581016799085464,-2.2808126851639186
ENSMUSG00000080896,0.38775397227454933,-1.4673886970621643,0.6043505882815227,0.475284136506092,-0.584899038634657,-0.584899038634657,-0.584899038634657,1.7546971159039693
ENSMUSG00000021377,0.04782678093429289,-0.03525498745114062,0.05161749331930067,-0.0641892868024526,-1.2323913791560133,1.9086054758207702,-1.2323913791560133,0.5561772824912553
ENSMUSG00000042705,0.008737285810774726,-0.03945905344237874,0.014861285578324782,0.01586048205327974,1.8906097379250417,-1.2401240954012274,-1.2401240954012274,0.5896384528774132
ENSMUSG00000027398,0.09935699587270407,-0.056678560718495766,0.06555658342015071,-0.10823501857435858,-0.7621736046362467,2.28652081390874,-0.7621736046362467,-0.7621736046362467
ENSMUSG00000079884,-0.7320118901546537,0.40888856333816287,1.0551352169711445,-0.7320118901546537,-0.9220375982326809,-0.9220375982326809,1.7117222415568902,0.13235295490847152
ENSMUSG00000057657,-0.027752665105649416,-0.02198809658517693,-0.10828645394101526,0.1580272156318423,-1.2094314385722444,-1.2094314385722444,1.9548005208975405,0.4640623562469486
ENSMUSG00000058357,-0.04349036374559507,-0.04349036374559507,0.045876817328237,0.041103910162953484,-0.7633491426341608,-0.7633491426341608,2.2900474279024823,-0.7633491426341608
ENSMUSG00000083457,4.287704665461551e-17,4.287704665461551e-17,4.287704665461551e-17,4.287704665461551e-17,-0.7637626158259735,-0.7637626158259735,2.29128784747792,-0.7637626158259735
ENSMUSG00000035834,-0.001968407743591929,0.01415628679036387,-0.010706150206704292,-0.0014817288400669631,-1.2733965011406159,-1.2733965011406159,1.7801135381908866,0.7666794640903453
ENSMUSG00000091228,-0.005481601137233142,0.020298190369927097,0.01107290616599949,-0.025889495398693445,1.160401877354725,-2.2050058102331755,0.8720041482101735,0.17259978466827564
ENSMUSG00000084211,0.05309538120241766,-0.055216137182810834,-0.055216137182810834,0.05733689316320349,1.9125157727669793,-1.2306382213392915,-1.2306382213392915,0.5487606699116041
ENSMUSG00000039617,0.05447601050842028,0.03759311475593252,0.05638242422449529,-0.1484515494888481,2.28643865241804,-0.7621462174726803,-0.7621462174726803,-0.7621462174726803
ENSMUSG00000082234,1.719934884251681e-16,1.719934884251681e-16,1.719934884251681e-16,1.719934884251681e-16,2.29128784747792,-0.7637626158259734,-0.7637626158259734,-0.7637626158259734
ENSMUSG00000102048,0.08456217075290891,-0.021209827566464754,0.03130826466264048,-0.09466060784908403,-1.3185457359479988,1.437304131927011,1.1997873399689858,-1.3185457359479988
ENSMUSG00000103628,-0.23491394236769694,0.7047418271030901,-0.23491394236769694,-0.23491394236769694,-0.7267384488346544,-0.7267384488346544,-0.7267384488346544,2.1802153465039638
ENSMUSG00000108090,0.1275660643738188,-0.04252202145793952,-0.04252202145793952,-0.04252202145793952,-0.762578003239317,2.2877340097179513,-0.762578003239317,-0.762578003239317
ENSMUSG00000027423,0.006259489630050707,-0.02775797782420162,0.028750060373840636,-0.0072515721796890375,-1.2508017747543274,1.8591975518894934,-1.2508017747543274,0.6424059976191618
ENSMUSG00000030677,0.15255576161483722,0.010378424332576812,-0.10852919907911544,-0.05440498686829859,-1.3132572106711782,1.1353491828334448,-1.3132572106711782,1.4911652385089114
ENSMUSG00000113242,0,0,0,0,-0.7637626158259734,-0.7637626158259734,-0.7637626158259734,2.2912878474779204
ENSMUSG00000035637,0.010007865965387483,-0.05096725525318556,-0.008127853091352612,0.04908724237915,-1.8833149927020194,1.3353589303342392,1.1442193208409877,-0.5962632584732086
ENSMUSG00000047721,0.0033810026020463122,0.016933986989183324,-0.02960193988345027,0.009286950292219253,-2.2458425153931434,1.0716507732666734,0.8291001883656394,0.34509155376082884
ENSMUSG00000027411,0.01384677235037865,0.023527415975902487,-0.012035815917273963,-0.025338372409007864,-1.3201393449854064,-1.3201393449854064,1.4371783831262193,1.2031003068445916
ENSMUSG00000022500,-0.00481769389428776,0.014206716281913369,-0.024590869965814666,0.015201847578189747,1.2345308175391358,1.0805985066344388,-2.0595812323791347,-0.25554809179443894
ENSMUSG00000067847,0.021475678391255987,0.024575407306906067,-0.03992190878736086,-0.006129176910801193,0.3807398876583392,-2.2399390590224497,0.6986202690825538,1.160578902281556
ENSMUSG00000066475,-0.1410166447315792,-0.1410166447315792,-0.05776342691297234,0.3397967163761305,-1.2420546920227487,1.8211189190156023,-1.2420546920227487,0.6629904650298948
ENSMUSG00000046718,0.26280538839931894,0.06719964682849877,-0.15584156645645436,-0.17416346877136338,-1.3092012212825286,-1.3092012212825286,1.3979893859602486,1.2204130566048084
ENSMUSG00000069266,-0.053378840346119456,0.06150125513219463,-0.053378840346119456,0.04525642556004342,0.7677034079606565,0.7918513045023786,0.7295218832750068,-2.2890765957380417
ENSMUSG00000025492,0.02370442253798099,0.07802500896684035,-0.03054245483675202,-0.07118697666806897,-1.3202294562586798,-1.3202294562586798,1.2326894584265078,1.4077694540908516
ENSMUSG00000005779,0.015025549779966285,0.02786753818475287,-0.007949631551697776,-0.034943456413020685,0.9736794668427746,-2.234941801053334,0.2705579139431257,0.9907044202674327
ENSMUSG00000094989,-0.19063044825665998,-0.19063044825665998,0.002219426577841642,0.37904146993547905,-1.2747087281306015,-1.2747087281306015,1.6516127851002778,0.8978046711609253
ENSMUSG00000083474,0.04125197636026099,-0.3877728814152217,0.22036976390246846,0.12615114115249176,-0.9660511788675903,-0.9660511788675903,2.2010479405764944,-0.26894558284131315
ENSMUSG00000021149,-0.038229990791522867,0.02689990804576704,0.017923537641328865,-0.006593454895570959,0.3809655821389623,-1.1918779663097814,-1.1918779663097814,2.002790350480601
ENSMUSG00000104434,0.07854474112147211,-0.5992299522101504,0.46597397565117205,0.054711235437506396,-0.7311309232249451,-0.7311309232249451,-0.7311309232249451,2.1933927696748348
ENSMUSG00000038622,0.01476622023428338,-0.04360758755015292,0.05763597352889828,-0.028794606213030125,0.8044671380827434,-2.1651557291948422,1.2857061184953789,0.0749824726167195
ENSMUSG00000061104,1.702100362270084e-4,0.019134395319012877,-0.04003640568230412,0.020731800327065272,-1.3225299332890499,1.347624024599631,-1.3225299332890499,1.297435841978468
ENSMUSG00000022890,-0.02845007810356021,0.021600000842996143,-0.029359237866207144,0.03620931512677329,1.0635357866050237,-2.1438132373748573,-0.04552658100403482,1.1258040317738693
ENSMUSG00000083097,0.14910831078632908,-0.05048526079533892,-0.025995788251249353,-0.07262726173974011,0.7174184219642993,-2.219188562556251,1.1992842250683993,0.30248591552355175
ENSMUSG00000059278,0.021249148156221257,0.015808033336631788,-0.03288416801726841,-0.0041730134755825566,-0.7636644003987729,-0.7636644003987729,-0.7636644003987729,2.2909932011963186
ENSMUSG00000032299,0.016889077241416188,0.005588741198563267,-0.008473941704516173,-0.014003876735462587,-2.28325412656067,0.6685240947594268,0.9407164299528489,0.6740136018483943
ENSMUSG00000096361,-0.13440033771485685,0.10829369424870952,0.14106850826833725,-0.11496186480218872,0.8077775749786739,0.8304830690473097,-2.277371859469899,0.6391112154439151
ENSMUSG00000042363,-0.05568333298584224,0.06090113384560178,0.03618839035035391,-0.04140619121011311,-1.0353775588962688,2.19773283767149,-1.0353775588962688,-0.1269777198789524
ENSMUSG00000115030,-0.023288765251589745,-0.11675432676382876,0.09251121724760947,0.04753187476780885,1.76791989358156,-1.2733656916716782,-1.2733656916716782,0.7788114897617957
ENSMUSG00000083289,-0.043751546893512135,0.050687994886064486,-0.043751546893512135,0.03681509890095961,-0.7633395367264051,-0.7633395367264051,2.290018610179215,-0.7633395367264051
ENSMUSG00000003872,7.05892930380865e-4,-0.007426996029844692,0.014413231026371228,-0.007692127926907054,-1.3215764392345335,-1.3215764392345335,1.4034919213644808,1.2396609571045862
ENSMUSG00000096727,0.25816364588900564,0.1790018012496598,-0.23568343427750915,-0.201482012861156,1.9903655806843885,-1.167289603863616,-1.167289603863616,0.34421362704284275
ENSMUSG00000021576,-0.01690029134255611,0.013646100504939333,-0.01887929850943505,0.022133489347053916,1.534514636679236,-1.3134852351834287,-1.3134852351834287,1.092455833687622
ENSMUSG00000113923,-0.10779713649673046,0.3233914094901918,-0.10779713649673046,-0.10779713649673046,-0.7561171276306593,-0.7561171276306593,-0.7561171276306593,2.2683513828919777
ENSMUSG00000051359,0.008176919929177493,0.05433220978153957,0.013473511387343283,-0.07598264109805826,0.9381659089786438,-2.190192544606016,1.1408639021222242,0.11116273350514852
ENSMUSG00000090258,-0.01473624967398932,0.0075510781699562705,-0.008468469555854589,0.01565364105988903,0.6467456861094136,-2.22497960907406,0.35026409797663455,1.2279698249880115
ENSMUSG00000006360,-0.021186884293962406,-0.009765546735249023,0.005548687328611769,0.02540374370060036,-0.7636960352951192,-0.7636960352951192,-0.7636960352951192,2.291088105885356
ENSMUSG00000059291,-0.0036213416964965607,0.018437200942177052,0.07172812173007173,-0.08654398097575082,0.4834391372131381,0.43069026366310476,-2.210630836635859,1.2965014357596159
ENSMUSG00000066491,0.2822472435771195,0.01363884460544125,0.3047447833977477,-0.600630871580308,-0.7340824004898613,-0.7340824004898613,-0.7340824004898613,2.202247201469584
ENSMUSG00000073888,-0.007435956432842923,0.06264010164073787,-0.03450066660474571,-0.020703478603148542,-1.3192067208984417,1.4480021096774078,-1.3192067208984417,1.1904113321194743
ENSMUSG00000081376,-0.10946523827377823,-0.10946523827377823,-0.10946523827377823,0.3283957148213344,-0.7558774338098726,-0.7558774338098726,-0.7558774338098726,2.2676323014296176
ENSMUSG00000077450,0.0376451286973106,-0.00344800204724456,-0.05499747964319382,0.020800352993128823,-2.2706669818438305,1.0012936876712133,0.759068532283056,0.5103047618895605
ENSMUSG00000038286,0.020394316751477373,-0.022267231059097645,0.0024257483741310652,-5.528340665100947e-4,-2.001407101174567,1.7167753514773778,0.08927606034844954,0.19535568934873998
ENSMUSG00000036864,0.11467165627433115,-0.01893353783088918,-0.07546738939424123,-0.020270729049200915,-1.007004539942192,2.216168120525398,-1.007004539942192,-0.20215904064101414
ENSMUSG00000025190,0.004673256314692,0.030846056841214477,-0.045386530988331626,0.009867217832424446,-1.3178372872970285,-1.3178372872970285,1.1595828732854447,1.4760917013086103
ENSMUSG00000018672,-0.04266028292699361,-0.05439357292344712,0.07853435548168533,0.018519500368755222,1.7773177035879852,-1.2727455213448113,-1.2727455213448113,0.7681733391016368
ENSMUSG00000078606,0.07688620350985868,0.1115318370627517,0.12916204766176817,-0.3175800882343782,-1.063915333565941,2.1447589545503094,-1.063915333565941,-0.01692828741842807
ENSMUSG00000087412,0.18414834937220423,-0.23639785448398037,0.07275924768904597,-0.020509742577269226,-0.7585342709327642,-0.7585342709327642,-0.7585342709327642,2.275602812798293
ENSMUSG00000027206,-0.04836560443693483,-0.020398546308492527,0.1089374511574109,-0.04017330041198249,-1.2923134080310308,-1.2923134080310308,1.6818436552379536,0.9027831608241091
ENSMUSG00000111897,-0.04172635723068169,0.3456310646395044,-0.2547778155076619,-0.04912689190116098,-0.7534074202960448,-0.7534074202960448,-0.7534074202960448,2.2602222608881344
ENSMUSG00000014418,-0.024697035700752802,0.014812831529552723,0.0329045393163857,-0.023020335145184923,2.0821465538912918,-1.144439847371621,-1.144439847371621,0.2067331408519501
ENSMUSG00000049299,-0.0023344754908664876,0.0333285871707142,-0.01737968293715108,-0.013614428742696631,1.0803642076210231,-1.3124997635083733,-1.3124997635083733,1.544635319395723
ENSMUSG00000109448,0.09328833639894656,-0.1167160086510143,0.1401436809030825,-0.1167160086510143,-0.7607239852953677,2.2821719558861036,-0.7607239852953677,-0.7607239852953677
ENSMUSG00000109658,4.377175623046011e-17,4.377175623046011e-17,4.377175623046011e-17,4.377175623046011e-17,-0.7637626158259734,-0.7637626158259734,-0.7637626158259734,2.2912878474779204
ENSMUSG00000083813,-0.17909641049373776,0.2773013349131202,-0.17909641049373776,0.08089148607435509,-0.7556679985633351,-0.7556679985633351,-0.7556679985633351,2.267003995690006
ENSMUSG00000028795,0.04932089801544953,0.0028451361224932402,-0.05961077404130421,0.007444739903362137,-1.3028513951257497,1.6224319440965158,-1.3028513951257497,0.983270846154984
ENSMUSG00000082646,0.4368973741249035,-0.407261116317573,0.29590112862977985,-0.3255373864371098,-0.7331283993797771,-0.7331283993797771,-0.7331283993797771,2.199385198139331
ENSMUSG00000009927,0.025256477549219326,-0.012370405212812696,6.426648319506513e-4,-0.013528737168357282,-2.170704822727714,0.6290589530681697,0.1779422317783565,1.3637036378811853
ENSMUSG00000020962,-0.09690918756620695,-0.018909158065120973,0.0021056076688999495,0.11371273796242763,-1.2830652543955565,-1.2830652543955565,0.8401825133684161,1.725947995422696
ENSMUSG00000057092,0.03672751403399567,-0.08186183582373394,-0.05046350543123412,0.09559782722097239,-1.2648132227460258,-1.2648132227460258,1.8039116673115438,0.7257147781805073
ENSMUSG00000019966,0.05675056962696198,-0.09739624468423555,0.15895086211230727,-0.11830518705503493,2.0101354182596753,-1.1800297771289419,-1.1800297771289419,0.3499241359982071
ENSMUSG00000068240,0.016999257835059244,0.02466827246980629,0.002031266398454328,-0.04369879670331916,0.8613051484762185,-2.287315134644111,0.7712264083921727,0.6547835777757209
ENSMUSG00000004610,0.0012342609254044257,-0.011688933735491852,0.012424916458929318,-0.001970243648840836,-2.169837439989192,1.1435837283098285,0.03504371191105867,0.9912099997683048
ENSMUSG00000003549,-0.07971813884015501,0.08780614763147727,0.016150295681888992,-0.024238304473211958,-1.3061104552882916,-1.3061104552882916,1.5901779522587138,1.0220429583178685
ENSMUSG00000081049,-0.17631446332618597,0.16049803120217282,-0.12064096357863556,0.13645739570264942,-0.7588356612308037,2.276506983692411,-0.7588356612308037,-0.7588356612308037
ENSMUSG00000059461,-0.020112872366161588,-0.13206824225328434,0.006716605356646443,0.14546450926280002,-1.3090275654420844,-1.3090275654420844,1.5400424428437378,1.0780126880404313
ENSMUSG00000032578,-0.010153147530659204,-0.02286034600407553,0.021658241533416767,0.011355252001318672,2.063789692161854,-1.1569369642086176,-1.1569369642086176,0.25008423625538045
ENSMUSG00000079018,-0.025892066916578863,-0.011110434170104778,-0.0031780931466344,0.0401805942333191,1.3945619117276467,-1.3216416738774246,-1.3216416738774246,1.2487214360272025
ENSMUSG00000117875,-0.05539178063319586,-0.013689300469702109,0.08400495806844578,-0.014923876965547459,-1.2562900356653888,-1.2562900356653888,1.837842347911929,0.6747377234188482
ENSMUSG00000031370,0.012563316178739372,0.02215635720826196,0.027206382196587397,-0.061926055583589434,1.9620542142598094,-1.2110788973033173,-1.2110788973033173,0.4601035803468249
ENSMUSG00000094338,0,0,0,0,-2.1677402808838484,1.2305848141116937,0.8853707908263585,0.05178467594579574
ENSMUSG00000025580,0.058110912407264154,-0.007378217727956804,-0.04250865900955091,-0.008224035669757141,0.6506669741535219,1.1632678872696167,-2.243559091122287,0.4296242296991474
ENSMUSG00000115738,-0.013881484897180742,-0.013881484897180742,0.041644454691543195,-0.013881484897180742,2.257849371194584,-0.9354229463671742,-0.9354229463671742,-0.387003478460236
ENSMUSG00000083320,-5.286538998256021e-16,-5.286538998256021e-16,-5.286538998256021e-16,-5.286538998256021e-16,-1.8746497028342897,0.9578990953713219,1.4946913695647441,-0.577940762101775
ENSMUSG00000002804,0.07492389145614374,0.05840596776028937,-8.030442650592735e-4,-0.1325268149513742,-1.2833206584025123,-1.2833206584025123,1.722503708352745,0.8441376084522779
ENSMUSG00000022359,5.958391637231782e-4,-0.03525813067615442,0.031983476011945344,0.002678815500485191,-1.2660446238921441,1.8074550189077094,-1.2660446238921441,0.7246342288765771
ENSMUSG00000073877,0.0345583501791864,-0.02202460170280939,0.06664090819097739,-0.0791746566673544,-0.7630864411743609,-0.7630864411743609,2.289259323523082,-0.7630864411743609
ENSMUSG00000045996,-0.02873824909039481,0.03757317434458027,-0.0018165357833813298,-0.007018389470803423,1.3013154670952618,-1.3225738143258694,-1.3225738143258694,1.3438321615564779
ENSMUSG00000046432,0.028815041507829247,0.006342752399428162,-0.03939054740586793,0.004232753498611934,-2.2610884962180506,0.422611564800411,0.8285756416359991,1.009901289781641
ENSMUSG00000082148,0.062142584045618905,-0.02071419468187297,-0.02071419468187297,-0.02071419468187297,0.5775184813989748,0.6841822142613012,1.0119025009393432,-2.2736031965996193
ENSMUSG00000091269,0.09586808996196716,-0.04073236136935676,0.05804614976851987,-0.11318187836113026,-1.3202605312728177,-1.3202605312728177,1.3026649462457611,1.3378561162998734
ENSMUSG00000042043,0.013632798342790567,0.003493901128742628,-0.014237689851863439,-0.002889009619667637,0.6780794877600231,-2.236647683973049,0.3776382241023821,1.1809299721106439
ENSMUSG00000111661,8.838626336051089e-17,8.838626336051089e-17,8.838626336051089e-17,8.838626336051089e-17,-1.176608464026992,2.0317020523318536,-1.176608464026992,0.3215148757221302
ENSMUSG00000109690,0.026989499381027494,-0.027158009840033245,0.02732652029903855,-0.027158009840033245,-1.1122047272492352,2.124393516940265,-1.1122047272492352,0.10001593755820555
ENSMUSG00000067924,0.03185023479644917,0.03287355401040062,-0.08214050887089876,0.01741672006404968,0.8176807045641412,-1.2808083447931102,-1.2808083447931102,1.7439359850220801
ENSMUSG00000117779,0.01913627922649712,-0.10463869202802238,-0.017817906037968637,0.10332031883949337,1.2733233891732367,-1.320347440829405,1.3673714924855724,-1.320347440829405
ENSMUSG00000028334,-0.026290174589212567,0.005756786408069053,0.021851599853074694,-0.0013182116719304712,1.1501499035618414,-2.0813342706427527,1.1402947648564454,-0.2091103977755355
ENSMUSG00000099517,-0.06796985229412442,0.11735774866609845,0.027930580244182438,-0.07731847661615629,1.2564412861847334,0.72472674526234,0.2153309996332867,-2.19649903108036
ENSMUSG00000049881,0.04844453653929955,0.008515900000068216,-0.029463477701466217,-0.027496958837900133,-0.7635419889710867,-0.7635419889710867,-0.7635419889710867,2.2906259669132614
ENSMUSG00000118528,0,0,0,0,-0.7637626158259734,-0.7637626158259734,-0.7637626158259734,2.2912878474779204
ENSMUSG00000025702,-0.018682752103786896,-0.003400463783508764,0.0272731031721777,-0.005189887284881328,-1.1876245037270348,-1.1876245037270348,2.0113540670916352,0.3638949403624349
ENSMUSG00000090247,0.026503209339315454,0.02027450359390068,-0.0460712691295152,-7.064438037002246e-4,-0.7635860278698511,-0.7635860278698511,-0.7635860278698511,2.2907580836095534
ENSMUSG00000042380,-0.006663905974263537,0.035096295982381356,-0.03984804681439616,0.011415656806279406,1.262241544001708,-1.3219193227794346,-1.3219193227794346,1.381597101557161
ENSMUSG00000074063,-0.01258286528263849,0.014716284711095606,0.0826812330217879,-0.08481465245024546,2.245096387301682,-0.9585181872693375,-0.9585181872693375,-0.328060012763008
ENSMUSG00000082908,-0.05332402609911431,0.13486076607601177,-0.011100221393351426,-0.07043651858354531,-0.7623365728659935,-0.7623365728659935,-0.7623365728659935,2.2870097185979805
ENSMUSG00000024188,0.026524763939131626,0.008535654239672149,0.019962199203933093,-0.05502261738273722,-1.237328398941224,1.897582643296441,-1.237328398941224,0.5770741545860065
ENSMUSG00000070476,-0.018049194154567905,0.003459078525193286,-0.027646711701506496,0.042236827330881646,-1.1182517984308735,2.117042475284565,-1.1182517984308735,0.11946112157718237
ENSMUSG00000022515,0.05698956395897796,-0.02220166697241887,0.01954366298658097,-0.05433155997314042,1.9296930171896862,-1.224604649442762,-1.224604649442762,0.5195162816958375
ENSMUSG00000063543,0.01914463593671708,0.0410846207533715,-0.029393408169695247,-0.03083584852039333,-1.3080999014441241,-1.3080999014441241,1.5834445093648994,1.0327552935233477
ENSMUSG00000002778,0.030097063767991476,-0.04901317394130178,-0.0165635410753001,0.03547965124861005,-1.310591495479219,-1.310591495479219,1.5601495517479422,1.0610334392104943
ENSMUSG00000110960,-4.445773895364073e-17,-4.445773895364073e-17,-4.445773895364073e-17,-4.445773895364073e-17,-0.7637626158259733,-0.7637626158259733,2.2912878474779204,-0.7637626158259733
ENSMUSG00000029126,-0.0077320885486917255,0.0513696745706863,-0.024798698201783684,-0.018838887820210176,0.9381073688491891,-2.2802808166091775,0.5819501090871938,0.7602233386727932
ENSMUSG00000063696,-0.05754034919214073,-0.04758241015380984,0.036100695280190664,0.06902206406576043,-1.3081151198918464,-1.3081151198918464,1.5761608709984012,1.040069368785291
ENSMUSG00000041718,0.023788018347324153,-0.047517498087830075,0.06698513463021152,-0.0432556548897049,1.615314144832641,-1.6818943022778388,0.913799439377963,-0.8472192819327656
ENSMUSG00000083713,-0.14488084073430177,0.10318689746203435,0.022334345431988593,0.01935959784027909,-1.3142490340651258,1.485255313191661,-1.3142490340651258,1.1432427549385902
ENSMUSG00000041625,-0.027052152965241577,0.02014038032121062,-0.02562754515712701,0.032539317801159394,1.555581117507551,-2.0328189895401074,-0.16824917356883626,0.6454870456013937
ENSMUSG00000083019,-0.025866624599437636,-0.025866624599437636,-0.025866624599437636,0.07759987379831246,1.9285694177559203,-1.2249214289610397,-1.2249214289610397,0.5212734401661593
ENSMUSG00000039382,-0.025667189179946582,-0.008663618967819357,0.024018295904750527,0.010312512243014342,1.658486322456161,-1.2979402946970777,-1.2979402946970777,0.9373942669379922
ENSMUSG00000024446,-0.015002914834766451,0.004912900240763076,-0.02530563740589304,0.035395651999897484,-1.3218628962348853,-1.3218628962348853,1.3873284700991564,1.2563973223706129
ENSMUSG00000045160,-0.08752489507174686,0.050379581933384494,0.03135538067271022,0.00578993246565428,-1.315206000787154,1.1285012750493562,-1.315206000787154,1.5019107265249518
ENSMUSG00000035048,0.03965769929008479,-0.00850791347627271,-0.03622405998385749,0.0050742741700447016,-1.3195388265880175,-1.3195388265880175,1.4465941138099692,1.192483539366064
ENSMUSG00000036292,0.06416223339326925,-0.06968849555989759,0.06076107666655507,-0.055234814499926205,-0.9458877218827318,2.250776529135681,-0.9458877218827318,-0.3590010853702166
ENSMUSG00000100623,0.04406866032670447,-0.04409329863957401,0.044117936952443544,-0.04409329863957401,-0.7633382344918838,2.290014703475651,-0.7633382344918838,-0.7633382344918838
ENSMUSG00000111837,0.06428649048093235,-0.02146284282069291,-0.010148586568741309,-0.03267506109149885,-0.7634480958177525,-0.7634480958177525,-0.7634480958177525,2.290344287453257
ENSMUSG00000059796,-0.033288930451738925,0.012837114854936878,0.0033253224137622345,0.017126493183039812,-2.2897749865112007,0.6930898105635902,0.7865542219120691,0.81013095403554
